2021-02-09T13:51:03.261000Z,ルギス,UCBuh2byg7T9YiaG3dtE7JnA,ただの遭難者になってて草,,,,,,
2021-02-09T13:51:03.459000Z,K o S 【SSRB】,UCjhZPL1Q3hnt3CLnFdTp4wA,５期生農園の近くにあるやんｗ,,,,,,
2021-02-09T13:51:03.500000Z,夕凪,UC4VQV2rp6f62PXPbm0GCSLw,帰りたかったんだね,,,,,,
2021-02-09T13:51:03.576000Z,浦浦だむずす,UCZ6PAg3B2sDkEELzXC_2GMw,面倒くさくてエリトラで帰るつもり,,,,,,
2021-02-09T13:51:03.687000Z,305.5Hz,UClWEnojsiAHdXzjSDvh3q8Q,ただの迷子草,,,,,,
2021-02-09T13:51:04.186000Z,綿無ユア,UCbIYkDLucfncR9scEvhuj4A,ねねさん、エリトラ持っていないんですかね❔,,,,,,
2021-02-09T13:51:04.354000Z,かな,UCKzPMboJd4xORHzETc857fw,草,,,,,,
2021-02-09T13:51:04.352000Z,Extraho,UC3OWL1v6IbwaH8xacHfEnkw,"[RU]  Лодка есть одна. А , Нене сделала",,,,,,
2021-02-09T13:51:04.379000Z,世捨てネコ,UCDKLmLxRNFR7plBaEvdrCNw,金ズボンだった気がする,,,,,,
2021-02-09T13:51:04.572000Z,るしふぁ,UCgrHhZIUo1Mq9USk9fRGmQw,ここで帰れると思ってたんだよなぁ,,,,,,
2021-02-09T13:51:04.654000Z,玉藻,UCGhqoZwlSPAnW0P7uLOlu1w,船はあるのね,,,,,,
2021-02-09T13:51:05.179000Z,八月亮,UCF1m1Ehuuaw8UTgTFfQxfEA,泣きつかれてるｗ,,,,,,
2021-02-09T13:51:05.395000Z,なぎしろみなと,UCRERef7h2QtQvOz5Fq71jcg,完全に親子なんだわ・ｗ・）,,,,,,
2021-02-09T13:51:05.566000Z,Alex Burst,UCjKdn4hW_1GVrZ-717v-9og,lol,,,,,,
2021-02-09T13:51:05.539000Z,RedWolf,UC7xHL8FjFkikgGXXfUlUWVg,一緒に国に還ろう！,,,,,,
2021-02-09T13:51:05.927000Z,LeCatte,UCkGTcHeZ6oRK2AGiCjoHVOQ,[EN] 💬 : Nene: But I wanna go home now,,,,,,
2021-02-09T13:51:05.862000Z,シン17,UCS2wTPR7kYFULy6yRaSC2ZA,ここでエリトラで飛んだらねねちどんな反応するやろなあ…？ｗ,,,,,,
2021-02-09T13:51:05.790000Z,もののおのの,UC4FQf8P28U84Kf_KctPH6JA,:_ssrbねねち::_ssrbぼたん:,,,,,,
2021-02-09T13:51:06.067000Z,如月雪之丞,UC8DZerE5wM2R3NUNSOLXrqg,下履いてないとファーザーみたいだ,,,,,,
2021-02-09T13:51:06.848000Z,量亭あき,UCqFH-yaELT3c_f7tTEil6Hg,草しか生えない,,,,,,
2021-02-09T13:51:06.868000Z,リオン,UCY3sNoJtFzW6ceCwu3zgPvA,ベッド返す,,,,,,
2021-02-09T13:51:07.363000Z,いたち二世,UCuKrJ6utiR0wPpqGBQFBKbg,ねねちゃん本当に面白すぎる,,,,,,
2021-02-09T13:51:07.910000Z,kudararyo,UChSjPxpM9-dt7YfljIsYHew,子供との会話みたいやんｗ,,,,,,
2021-02-09T13:51:09.587000Z,せきがんのo 35P,UC-61QdaAnbve-fGoN8cSdtw,botan nene teetee,,,,,,
2021-02-09T13:51:09.549000Z,nOa-MDk,UCz46K_2qVoDjmnZNfXqkS_g,ベット返したげろｗ,,,,,,
2021-02-09T13:51:09.353000Z,マイラ烏,UChTtE_A75xQdt_fYphDsVIQ,ここで置いてったら一人ﾏｲｸﾗ始まる(ФωФ),,,,,,
2021-02-09T13:51:09.483000Z,いへい,UCNJfizSg7rmwt4or_OBW5tQ,ムーナの施設なかったっけ？,,,,,,
2021-02-09T13:51:10.232000Z,ラファールリオン『Crew』,UCFdF6wzAU5s63qWVuabQ_iw,ホロファイブは天才肌ばかりだわw,,,,,,
2021-02-09T13:51:10.880000Z,なかいた,UCPzQj6PYVBd-ibdSFqK2DqA,など供述しており…,,,,,,
2021-02-09T13:51:10.881000Z,Mobius,UCT8AnGwhfNtZ0t88gShSqIw,ほっといたら無限に冒険してたぞ,,,,,,
2021-02-09T13:51:10.910000Z,まーく,UC3CVSPJiT7VHYD0337i3HIw,2窓がおもろすぎるｗｗ,,,,,,
2021-02-09T13:51:11.031000Z,ଘゆずれあଓだぞ、と,UCv7pabL3pBECpUJpDWY6sqA,牛をさがしてここまでw,,,,,,
2021-02-09T13:51:12.386000Z,サボタージュ,UCAL3kLexCXwxUCEgYzndsjQ,船持ってるのに徒歩で来たのか,,,,,,
2021-02-09T13:51:12.145000Z,ソルティ,UC45m-Yqjc5YB0JUbhzJ4Ehw,保護者ライオンｗ,,,,,,
2021-02-09T13:51:14.231000Z,丸瀬奈留,UC3KJXL20w1K-nrx0IXlTNnQ,ウサケンの非人道的装置があってだな……,,,,,,
2021-02-09T13:51:15.856000Z,雷夢,UC65Ml4Z7V7v0TBA0O_FqyzQ,ししろんはちゃんと座標見てくれるからありがたい,,,,,,
2021-02-09T13:51:16.153000Z,Naga Pendulum,UC45L42AmYjtrCjylIBNMERg,新ビジュアルと反映してるのかな,,,,,,
2021-02-09T13:51:17.722000Z,丸絞り,UCsg0apJ6BA8unG4-fAEtiCg,それパン,,,,,,
2021-02-09T13:51:17.958000Z,愛情旋律,UC37gNSnAsK72cGuFl3yF04A,:_ssrbねねち::_ssrbぼたん:,,,,,,
2021-02-09T13:51:18.193000Z,Leah Martinez_3240230,UCV1MQPPLnLHxFQ4Rqt0pGVA,草,,,,,,
2021-02-09T13:51:18.099000Z,Sato,UCxrXTu2jaDRIyVSJJdhSdIg,船乗ってる最中いきなり飛べないかな,,,,,,
2021-02-09T13:51:19.001000Z,Extraho,UC3OWL1v6IbwaH8xacHfEnkw,[RU] в ту сторону идти нужно верно?,,,,,,
2021-02-09T13:51:19.436000Z,クガッ,UChiO3uOOxvUIKjipcpIq2Ew,片言,,,,,,
2021-02-09T13:51:20.525000Z,Beast I,UCJk2QXxZoXpuVL5LV2T8gRQ,無計画だったんかね？w,,,,,,
2021-02-09T13:51:20.933000Z,ちはや,UC1uyL2Oosz_PuKgyu5WKPEQ,斜めじゃなくまっすぐ,,,,,,
2021-02-09T13:51:21.793000Z,えるしすていん,UCvLIVsBtfn5exAFHrUlb62A,X-30　Z240位までぐいーっと,,,,,,
2021-02-09T13:51:21.799000Z,sarukichi 628,UC_HhPiU6N1pys1iNwo1lWbQ,エリトラ乗せてと言ってる,,,,,,
2021-02-09T13:51:21.802000Z,E s,UCU5zytNdQydvuWsRxRpYZng,体操着なのも自分的には気になる…w,,,,,,
2021-02-09T13:51:22.697000Z,seiya w,UC2JZ_J4W9fMfiJQ5xtLbseg,そうね,,,,,,
2021-02-09T13:51:22.878000Z,LionHead紅燒獅子頭,UClpAotRYMgrenbV703sL_MA,dad & kid,,,,,,
2021-02-09T13:51:23.302000Z,さわーれもん,UCbufo18NipMtPtMMBOVJzDg,迷子の子供じゃん,,,,,,
2021-02-09T13:51:24.432000Z,shirvia,UCPq8F1-TquBcTluWRmOP7HA,:_ssrbくささ::_ssrbくささ::_ssrbくささ:,,,,,,
2021-02-09T13:51:24.525000Z,かいちゃん,UCM3-9RXPH4dz_dEnUfzH6TA,zを戻さねば,,,,,,
2021-02-09T13:51:24.811000Z,もののおのの,UC4FQf8P28U84Kf_KctPH6JA,てえてえ,,,,,,
2021-02-09T13:51:25.197000Z,Happy Ending,UCqRpGTSeyf-bv1hiOhsuW_w,:_ssrbくささ:,,,,,,
2021-02-09T13:51:25.535000Z,Leah Martinez_3240230,UCV1MQPPLnLHxFQ4Rqt0pGVA,草,,,,,,
2021-02-09T13:51:25.862000Z,赤銀緋色【団長の拳士】,UCAiBNlik1yuRGyCSd8Exk6Q,かわいいｗ,,,,,,
2021-02-09T13:51:25.740000Z,bフィレンツェ,UC7AHuChBamcnjc5vZGgPQ1Q,かわいい,,,,,,
2021-02-09T13:51:25.786000Z,Nukuro,UC3I6oST3NGdacLCK8pCPb9g,かわいい,,,,,,
2021-02-09T13:51:25.752000Z,栖軽秋,UCRwr3E33qyKcTITV8HOZOuw,子供が虫追いかけてたら遠くで迷子になった的な,,,,,,
2021-02-09T13:51:26.207000Z,ひららぎ,UCPo2RRocYJTQkusDHItf5zQ,草,,,,,,
2021-02-09T13:51:25.972000Z,ふな【FNA】,UCStjcBTvyOOVDPE8_eED8hQ,草,,,,,,
2021-02-09T13:51:26.074000Z,あいちゃん,UC0yZRahgNFmyHhUTyO9cBCA,:_ssrbくささ::_ssrbくささ::_ssrbくささ:,,,,,,
2021-02-09T13:51:26.390000Z,ナイスなリスナー,UChwMCdV-okLsFD5GpS8hTDw,草,,,,,,
2021-02-09T13:51:26.391000Z,Thái Huỳnh Hồng,UCspJCQeXr5f_eGSZ7y7x8JQ,Lmao,,,,,,
2021-02-09T13:51:26.446000Z,テンタクルス,UC2d-UxTCuWcfFrgCsXzcBJA,護送,,,,,,
2021-02-09T13:51:26.168000Z,[SSRB] sand1993,UCLJnYD7361jFDXj5KEcM_5Q,:_ssrbくささ:,,,,,,
2021-02-09T13:51:26.839000Z,こうそんふ,UCS6JlPUtmaGsg6uKftQwxkw,浸水w,,,,,,
2021-02-09T13:51:27.561000Z,VeluCt,UC8UWaAX5ivxkSLyx0q8m62A,:_ssrbくささ:,,,,,,
2021-02-09T13:51:27.495000Z,Mobius,UCT8AnGwhfNtZ0t88gShSqIw,浸水してるな,,,,,,
2021-02-09T13:51:27.660000Z,kurobear,UCRGu8LiQgoN3rSaSGAFWHlg,シュールｗ,,,,,,
2021-02-09T13:51:27.742000Z,十勝吹華【雪民】,UC-ZbhMYYsP2Wz2sgVKfsbqg,あいのりで草,,,,,,
2021-02-09T13:51:27.549000Z,Horizontal Ark,UC4Y8iLp8DX3y-98QEelvmjQ,もう通話しちゃえよw,,,,,,
2021-02-09T13:51:27.827000Z,ジャオ,UCFdhHnPwKs-30KXyjyu9iWA,:_ssrbねねち::_ssrbぼたん:,,,,,,
2021-02-09T13:51:28.012000Z,セミ,UCQ4NUKB0X034MsMjSb7-8bA,浸水,,,,,,
2021-02-09T13:51:45.889000Z,雪白あるば,UCeiwoKLprXlAWn4GQ09ySrQ,ゲートは海の近くだから迂回してけばいつか着くかな？,,,,,,
2021-02-09T13:51:46.087000Z,Amrita,UCqDaN8rfE1_dya4AT5CXIrA,2窓の心情の読みあいがクソ面白い,,,,,,
2021-02-09T13:51:46.094000Z,じゃにー前田,UCjCJhNpCc_L8qQNVgHLeWYg,:_ssrbぼたん::_ssrbねねち:,,,,,,
2021-02-09T13:51:46.557000Z,量亭あき,UCqFH-yaELT3c_f7tTEil6Hg,完全に保護者で草,,,,,,
2021-02-09T13:51:47.069000Z,緋巫女,UCOIr2sCUy6-pLMSebwCQSjA,なんか安心して見れるわ,,,,,,
2021-02-09T13:51:47.117000Z,のむさん,UCQIs9Vsfecq7rnZc-NdfEMg,デート(迷子保護),,,,,,
2021-02-09T13:51:47.620000Z,Имбомания,UC55SW4s5Gg-My2hqFIjIqlQ,Дежавю)))),,,,,,
2021-02-09T13:51:47.394000Z,マイラ烏,UChTtE_A75xQdt_fYphDsVIQ,救助だな(ФωФ),,,,,,
2021-02-09T13:51:47.548000Z,のほろぐみ,UCdVeBXrq0zd9SJzbpx9clJg,かわいい,,,,,,
2021-02-09T13:51:47.735000Z,怠もの,UCvSOnCaJR_CVnsSPaNBoVPA,首ｗ,,,,,,
2021-02-09T13:51:48.807000Z,うみかわ,UCYjdTRm-UU_V7VLjV6Dg6bA,何かシュールだｗ,,,,,,
2021-02-09T13:51:49.035000Z,Thiago TGM,UCgjwTcpr8IF0QC3IsfP5Znw,isn't it beautiful to see a proud dad bring his daughter to fish in the ocean?,,,,,,
2021-02-09T13:51:48.914000Z,ルギス,UCBuh2byg7T9YiaG3dtE7JnA,親子感半端ないｗｗ,,,,,,
2021-02-09T13:51:49.226000Z,ソルティ,UC45m-Yqjc5YB0JUbhzJ4Ehw,完全に保護者w,,,,,,
2021-02-09T13:51:49.350000Z,pandora,UCWkwOXeAwDHtaVp3MAWM5dA,uber lion,,,,,,
2021-02-09T13:51:49.239000Z,ネクロス,UCe65-MmTzY53RTWTDiGZ9Jg,X5 Y68 Z243,,,,,,
2021-02-09T13:51:49.682000Z,iskanderStone[RU],UCTF2_BmZg3WvOnEr5-nkVdQ,мореплаватели,,,,,,
2021-02-09T13:51:49.228000Z,ナイスなリスナー,UChwMCdV-okLsFD5GpS8hTDw,Zの座標がが大きすぎる,,,,,,
2021-02-09T13:51:49.764000Z,ׂ,UCSavUHMoG61oq8I-uE5AnBw,きょろきょろしてるｗ,,,,,,
2021-02-09T13:51:49.518000Z,シロガネ,UCiUdytlU6muoJptxD69iZrQ,まじでただの迷子ｗ,,,,,,
2021-02-09T13:51:49.906000Z,丸瀬奈留,UC3KJXL20w1K-nrx0IXlTNnQ,これは完全にパパ,,,,,,
2021-02-09T13:51:49.863000Z,MysteryEggplant,UCZRI94iNipuIEcUaOBTFWwg,dad come to bring her lost child home lol,,,,,,
2021-02-09T13:51:50.241000Z,あいらぶ,UC8LyixIwhHzk4Lj2y5lUVRg,なんか幻想的で草,,,,,,
2021-02-09T13:51:50.412000Z,LeCatte,UCkGTcHeZ6oRK2AGiCjoHVOQ,"[EN] 💬 : Eh, not too sure, its this way right",,,,,,
2021-02-09T13:51:50.246000Z,amelia3dp,UCcYTWKrpTQj-RgSgSgxhgUA,:_ssrbぼたん::_ssrbねねち:,,,,,,
2021-02-09T13:51:50.498000Z,ガジマル,UCtwLzFa9kcqSMeskvtDzZhQ,要介護5,,,,,,
2021-02-09T13:51:50.483000Z,ふな【FNA】,UCStjcBTvyOOVDPE8_eED8hQ,遭難者をお持ち帰り,,,,,,
2021-02-09T13:51:50.640000Z,PassingWeeb,UCpUw0E3yw8JJVsr7DpDY1Vg,親子っぽいｗ,,,,,,
2021-02-09T13:51:50.098000Z,えるしすていん,UCvLIVsBtfn5exAFHrUlb62A,平和だなぁ,,,,,,
2021-02-09T13:51:50.976000Z,RedWolf,UC7xHL8FjFkikgGXXfUlUWVg,回収ライオン,,,,,,
2021-02-09T13:51:51.095000Z,Oleg [SSRB],UCEqUotItT0znd056KPCHc8A,:_ssrbししろん::_ssrbねねち:,,,,,,
2021-02-09T13:51:51.282000Z,welly0606,UCsPSs02UyDmjAG4gjZxGHow,草,,,,,,
2021-02-09T13:51:51.014000Z,Elijah James,UCezmT-1i3LrGTpVX2QyjF_g,uber 草,,,,,,
2021-02-09T13:51:51.569000Z,アースノーマッド,UCXPEmEEehXywZMtfMRkO_Zw,これは切り抜き,,,,,,
2021-02-09T13:51:51.779000Z,Tubagus Sukardi,UCajt4BYlJB1N_JIhmenHsGw,"mizu, fune no naka ni hairu",,,,,,
2021-02-09T13:51:50.994000Z,かもん,UCtrh5cp3RY105IciS-rmqyw,おk,,,,,,
2021-02-09T13:51:52.088000Z,深水酉明,UC6O2pR4pjwwK4uYDUhepRsg,ほんとねねちは通常運転で草,,,,,,
2021-02-09T13:51:52.139000Z,いもすけ,UC0b7GkSrbIWJJpigrBPu1YA,かわいい,,,,,,
2021-02-09T13:51:52.013000Z,ジャイロ飛行機,UC4_ZxfmtjDzGF7f--QzWxig,Facingのところ見るとええで,,,,,,
2021-02-09T13:51:52.307000Z,dup48,UCqLVdD6cqulAaExzMTX_3oA,船速いなー,,,,,,
2021-02-09T13:51:52.749000Z,timmyZert,UC6QJv5oiR9O7yrYGtfxJVcA,かわいい,,,,,,
2021-02-09T13:51:53.448000Z,クラウス,UCliyjou_U4risGGXH4parNQ,:_ssrbくささ::_ssrbくささ::_ssrbくささ:,,,,,,
2021-02-09T13:51:53.600000Z,海鮮丼,UCA25SvEXDwjERRdzuogWQXQ,浸水しとる,,,,,,
2021-02-09T13:51:54.335000Z,ONC 「オエンシ」,UC4bcI0b9MDUEdnuqNcG-XDA,:_ssrbねねち::_ssrbぼたん:,,,,,,
2021-02-09T13:51:54.680000Z,Beast I,UCJk2QXxZoXpuVL5LV2T8gRQ,ねねちどこ見てんだろうw,,,,,,
2021-02-09T13:51:54.793000Z,S tanaka,UCTNuJ8uqUMwZ7vjXXGYlCXQ,びっくりするくらい画像いいね,,,,,,
2021-02-09T13:51:54.765000Z,【SSRB】リュオン,UCwawW-C_uIgPKWVhqcgsS7Q,OKOK,,,,,,
2021-02-09T13:51:55.092000Z,K o S 【SSRB】,UCjhZPL1Q3hnt3CLnFdTp4wA,おｋおｋ,,,,,,
2021-02-09T13:51:56.135000Z,Everest,UC4JT4HizLuXscUPg2JsUKUQ,"5.001 день?Не смеши!3 день удаляю мир,делаю железную броню и хватит",,,,,,
2021-02-09T13:51:56.805000Z,丸絞り,UCsg0apJ6BA8unG4-fAEtiCg,めっちゃ景色見てるじゃん,,,,,,
2021-02-09T13:51:56.810000Z,ふぬむぐ,UCf2a8iTRds16Hxuk08ca8VQ,いい感じ,,,,,,
2021-02-09T13:51:56.974000Z,ちはや,UC1uyL2Oosz_PuKgyu5WKPEQ,おｋ,,,,,,
2021-02-09T13:51:57.581000Z,shirvia,UCPq8F1-TquBcTluWRmOP7HA,:_ssrbくささ::_ssrbくささ::_ssrbくささ:,,,,,,
2021-02-09T13:51:57.566000Z,Aira B. Yu,UCmMppXbl8T9P3SCsctFOCqw,Someone teach them about the compass and lodestone?,,,,,,
2021-02-09T13:51:58.124000Z,近藤誠,UCtayEOj1IAKtTaxYkXz8-OA,ねねちが記念写真とっててかわいい,,,,,,
2021-02-09T13:51:58.199000Z,TAKA HARU,UCV0SCuVQxzEKGI_K0iH6Baw,きょろきょろしてるｗｗ,,,,,,
2021-02-09T13:51:58.370000Z,シキ,UCYaGsGqGQnPTLYQATYkkO-Q,:_ssrbねねち::_ssrbぼたん::_ssrbPenlight:,,,,,,
2021-02-09T13:51:58.506000Z,norapon,UC9vXiHykGTKWviXHyH7XCrw,無計画遠征で迷子・・・凄すぎるｗ,,,,,,
2021-02-09T13:51:58.362000Z,leno nowhere,UC_sjncdBo0IFK1qwjL5b8VA,ほのぼのしてんなぁ・・・,,,,,,
2021-02-09T13:51:58.652000Z,トモエ,UCDBYGdKPCL7RGeXgHfGtrlA,それでいけるね,,,,,,
2021-02-09T13:51:58.639000Z,あいちゃん,UC0yZRahgNFmyHhUTyO9cBCA,:_ssrbぼたん::_ssrbねねち:,,,,,,
2021-02-09T13:51:58.450000Z,筋骨隆々の松下幸之助,UCqeJp1QA1tlCNlwMr9TbRgQ,犯人の移送みたい,,,,,,
2021-02-09T13:51:58.701000Z,祭竜之介,UCB8v4sUdkZyQwYPlR1-a8Xg,首がうるせぇww,,,,,,
2021-02-09T13:51:58.785000Z,seiya w,UC2JZ_J4W9fMfiJQ5xtLbseg,そうね,,,,,,
2021-02-09T13:51:58.749000Z,K R B【かるび】ん,UCy1IyyVKydLuvDNx4D6K-fA,ここなら完全犯罪も可能,,,,,,
2021-02-09T13:51:58.753000Z,えるしすていん,UCvLIVsBtfn5exAFHrUlb62A,良い感じ,,,,,,
2021-02-09T13:51:58.395000Z,式【SSRB】,UCfeMZgiBH3cwuhBSpWbKbLA,:_ssrbぼたん::_ssrbねねち:,,,,,,
2021-02-09T13:51:59.595000Z,pandora,UCWkwOXeAwDHtaVp3MAWM5dA,ubr lion to rescue,,,,,,
2021-02-09T13:52:00.012000Z,Otaku Qliao,UCdDPniYYcD2nGE6hewjETMQ,OwO,,,,,,
2021-02-09T13:51:59.803000Z,daru,UC8bhhpuB9MylYykJ1BWfz6Q,これで楽曲使用料タダやな,,,,,,
2021-02-09T13:52:00.418000Z,ブテナぶてな,UCCJLdO2cSlopQAhQEw3c0wQ,面倒見がいいお姉さんだね！,,,,,,
2021-02-09T13:52:00.192000Z,Bell Beauty and the Beast,UC12uK8bhNt8pXRz-hfF-8fw,頭クルクルしてんな,,,,,,
2021-02-09T13:52:01.348000Z,アスタロト,UCcqlpWC6LjZadcZGZaLz0dg,かわいいw,,,,,,
2021-02-09T13:52:01.592000Z,悠,UCbli_M0utqgFOiogWw_hwmw,きょろきょろしててかわいいｗ,,,,,,
2021-02-09T13:52:01.569000Z,綿無ユア,UCbIYkDLucfncR9scEvhuj4A,あらゆる角度から見られてそうですね,,,,,,
2021-02-09T13:51:58.652000Z,トモエ,UCDBYGdKPCL7RGeXgHfGtrlA,それでいけるね,,,,,,
2021-02-09T13:51:58.639000Z,あいちゃん,UC0yZRahgNFmyHhUTyO9cBCA,:_ssrbぼたん::_ssrbねねち:,,,,,,
2021-02-09T13:51:58.450000Z,筋骨隆々の松下幸之助,UCqeJp1QA1tlCNlwMr9TbRgQ,犯人の移送みたい,,,,,,
2021-02-09T13:51:58.701000Z,祭竜之介,UCB8v4sUdkZyQwYPlR1-a8Xg,首がうるせぇww,,,,,,
2021-02-09T13:51:58.785000Z,seiya w,UC2JZ_J4W9fMfiJQ5xtLbseg,そうね,,,,,,
2021-02-09T13:51:58.749000Z,K R B【かるび】ん,UCy1IyyVKydLuvDNx4D6K-fA,ここなら完全犯罪も可能,,,,,,
2021-02-09T13:51:58.753000Z,えるしすていん,UCvLIVsBtfn5exAFHrUlb62A,良い感じ,,,,,,
2021-02-09T13:51:58.395000Z,式【SSRB】,UCfeMZgiBH3cwuhBSpWbKbLA,:_ssrbぼたん::_ssrbねねち:,,,,,,
2021-02-09T13:51:59.595000Z,pandora,UCWkwOXeAwDHtaVp3MAWM5dA,ubr lion to rescue,,,,,,
2021-02-09T13:52:00.012000Z,Otaku Qliao,UCdDPniYYcD2nGE6hewjETMQ,OwO,,,,,,
2021-02-09T13:51:59.803000Z,daru,UC8bhhpuB9MylYykJ1BWfz6Q,これで楽曲使用料タダやな,,,,,,
2021-02-09T13:52:00.418000Z,ブテナぶてな,UCCJLdO2cSlopQAhQEw3c0wQ,面倒見がいいお姉さんだね！,,,,,,
2021-02-09T13:52:00.192000Z,Bell Beauty and the Beast,UC12uK8bhNt8pXRz-hfF-8fw,頭クルクルしてんな,,,,,,
2021-02-09T13:52:01.348000Z,アスタロト,UCcqlpWC6LjZadcZGZaLz0dg,かわいいw,,,,,,
2021-02-09T13:52:01.592000Z,悠,UCbli_M0utqgFOiogWw_hwmw,きょろきょろしててかわいいｗ,,,,,,
2021-02-09T13:52:01.569000Z,綿無ユア,UCbIYkDLucfncR9scEvhuj4A,あらゆる角度から見られてそうですね,,,,,,
2021-02-09T13:52:01.986000Z,うみ うみ,UC5_INUbrhgFh-nOF4mvuAnA,ねねち、動くねぇ,,,,,,
2021-02-09T13:52:02.712000Z,itzal,UCyApS5lc_5IwMirZZCw0xmQ,:_ssrbぼたん::_ssrbねねち:,,,,,,
2021-02-09T13:52:02.955000Z,kurobear,UCRGu8LiQgoN3rSaSGAFWHlg,保護者ｗ,,,,,,
2021-02-09T13:52:03.063000Z,酒場おんらいん,UCwbOe1LxYD4Im2KgbO_HEIQ,ナイスw,,,,,,
2021-02-09T13:52:03.451000Z,WuChuChu,UC_UvK7q8DltM-_rWSaflFHA,:_ssrbぼたん::_ssrbねねち:,,,,,,
2021-02-09T13:52:03.288000Z,ArcaneX,UCm4FeHYPgad6kaHP9Ak2JJg,てぇてぇ,,,,,,
2021-02-09T13:52:03.861000Z,くろっく,UCCevs9zvxHlHF1Ryt4_iEPQ,めっちゃきょろきょろしてるｗ,,,,,,
2021-02-09T13:52:04.064000Z,猫ひげ,UCmn1SDeAdQA-V00bCUrr-Rw,いい方向,,,,,,
2021-02-09T13:52:04.224000Z,ネクロス,UCe65-MmTzY53RTWTDiGZ9Jg,X5 Y68 Z243,,,,,,
2021-02-09T13:52:04.324000Z,エンジェラ【SSRB変更不可】,UCtxxdpN9c9LGwYcNblrdIEg,親子みたいw,,,,,,
2021-02-09T13:52:04.781000Z,Plz Fix This,UCgf0kLJ6ugG2ETx6zg0jDDw,“Fancy clouds” 😂,,,,,,
2021-02-09T13:52:04.740000Z,ダイゴロー,UCQgjPJt6L4m3W2-1ILiwOaA,よさそうね,,,,,,
2021-02-09T13:52:05.148000Z,игорь авава,UCk3wlVpGd7MSurggY10MbPg,F3 PLIS,,,,,,
2021-02-09T13:52:05.148000Z,シロガネ,UCiUdytlU6muoJptxD69iZrQ,迷子保護ｗｗ,,,,,,
2021-02-09T13:52:05.260000Z,LeCatte,UCkGTcHeZ6oRK2AGiCjoHVOQ,[EN] 💬 : Its this way right?,,,,,,
2021-02-09T13:52:05.120000Z,おねえ,UCs4X3BCCp5R24nKdioWqfoQ,子供の保育園の帰りに見えてきた,,,,,,
2021-02-09T13:52:05.431000Z,DARUMAY,UCvGudK0uAjc2XACgMQ0Ln_w,よさそう,,,,,,
2021-02-09T13:52:06.340000Z,Ice Demon[SSRB],UC9VbRvTE1zn4yzkCI-3vWPQ,:_ssrbぼたん::_ssrbねねち:,,,,,,
2021-02-09T13:52:06.719000Z,4121 guren,UCrObInXa-pPTTkUQ_sFGLbg,迷子草,,,,,,
2021-02-09T13:52:06.869000Z,いたち二世,UCuKrJ6utiR0wPpqGBQFBKbg,お、みえてきた,,,,,,
2021-02-09T13:52:06.522000Z,jie sheng low,UCeJ-bOnFUAfa1FAQXpE90zw,:_ssrbぼたん::_ssrbぽるか::_ssrbぼたん::_ssrbぽるか:,,,,,,
2021-02-09T13:52:07.351000Z,129das,UCmM_3mN96zTJn13LII_zO8w,found a lost nene,,,,,,
2021-02-09T13:52:08.236000Z,ウィス,UCDKLzZjpfZmIijSkCWZ0SfA,ママにしがみつく子供みたいｗ,,,,,,
2021-02-09T13:52:08.792000Z,Eternal DlVE,UCP0xmqQQz_3zTLFjlnaltnQ,Thank you Dad,,,,,,
2021-02-09T13:52:10.542000Z,waven2011,UCmCupoBvwU1ckKECKtMZQJQ,てって,,,,,,
2021-02-09T13:52:11.233000Z,農民狼,UCiNTNS6u64aei1xNHiiXqlw,オトン…,,,,,,
2021-02-09T13:52:11.568000Z,6ris,UCFWRGhw0KHzaWKiQX6LOm1Q,ロード画面にこんなんありそう,,,,,,
2021-02-09T13:52:12.093000Z,たっつー,UCJEkiUN_18aNj1lP_Ak44Ag,切り抜き確定やなこれww,,,,,,
2021-02-09T13:52:12.144000Z,Not Money,UCMq53v60MfWPOluXCKX2DSA,:_ssrbぼたん::_ssrbねねち:,,,,,,
2021-02-09T13:52:12.497000Z,Arnaldo Miyashiro,UCuFFXfB_FaDSsGef6dfBfJw,Uber Lion,,,,,,
2021-02-09T13:52:12.842000Z,元春浅見,UC5vE9kO5M-xtWyLRXp8uX1w,ドナドナ,,,,,,
2021-02-09T13:52:12.454000Z,ニシヤン,UCLpVl2TzjxRgpFhIa3gEPNw,かわいい,,,,,,
2021-02-09T13:52:12.762000Z,Halfas 24,UCU0SbgREM8BbR_kxsb2aUzw,:_ssrbぼたん::_ssrbねねち:,,,,,,
2021-02-09T13:52:13.394000Z,Michei[SSRB雪民],UCjesK2kPfpMTNX11D942lVQ,:_ssrbねねち::_ssrbぼたん::_ssrbねねち::_ssrbぼたん:,,,,,,
2021-02-09T13:52:13.534000Z,取り残された敗残兵,UC92rWBFJlf9UgddaXjVTJGQ,ほんと微笑ましくて草,,,,,,
2021-02-09T13:52:14.669000Z,ジルフェルデin養命酒,UCQM6gBoGRFMy3emqLT7wIQA,:_ssrbぼたん::_ssrbねねち:,,,,,,
2021-02-09T13:52:15.070000Z,Extraho,UC3OWL1v6IbwaH8xacHfEnkw,[RU] на удивление не так далеко вроде,,,,,,
2021-02-09T13:52:15.632000Z,AC is,UCXJ_Usdzf2_tyr3ja9fy_7g,引率ライオン,,,,,,
2021-02-09T13:52:15.676000Z,Rエクレア,UCkk5rVgMuWl00b4XYpm9fKA,apexの時以来では？ねねしし,,,,,,
2021-02-09T13:52:15.920000Z,緋色のスカーレット,UCsGKjsTkJwevUgNXLwja9wQ,ねねちゃんらしくて良いねw,,,,,,
2021-02-09T13:52:16.439000Z,シャーク・竜巻,UC9XagK2xK6Jb6H0vL3IjzQA,ねねちゃん船貫通してるな,,,,,,
2021-02-09T13:52:17.205000Z,峰さん,UCNCW2jqRs5PKXi3sCMufRow,船ならね,,,,,,
2021-02-09T13:52:17.676000Z,釣り人B,UCD0hOUGWE-JPL21CfAR8iUA,保護お願いします！,,,,,,
2021-02-09T13:52:18.618000Z,ガビンコ,UCeGcEXWxuNfzh2BPR6aWu6A,ねねちの救出に成功した,,,,,,
2021-02-09T13:52:19.147000Z,マイラ烏,UChTtE_A75xQdt_fYphDsVIQ,けっこう遠いで(ФωФ),,,,,,
2021-02-09T13:52:19.697000Z,老米,UC205MBadsPUrPYIFpqSh5Hw,迷子が帰ってきた,,,,,,
2021-02-09T13:52:20.013000Z,LeCatte,UCkGTcHeZ6oRK2AGiCjoHVOQ,"[EN] 💬 : Wait, its not really that far right? Wait it is..",,,,,,
2021-02-09T13:52:19.924000Z,あると,UC_8-HQyCN_gHD9iZfA4gBCg,Zまだ全然,,,,,,
2021-02-09T13:52:20.758000Z,SIA,UCpjnlpigHmunhhLE2DD9Q-w,海沿いに進めばいいんじゃない？,,,,,,
2021-02-09T13:52:20.786000Z,ハイズ,UCtjFXNmaxWXgStL5zo1QLaw,迂回がええよ,,,,,,
2021-02-09T13:52:20.786000Z,大神渚,UC3S_3VE0_1DYcbRHCtP-yGQ,迂回かなあ,,,,,,
2021-02-09T13:52:21.369000Z,shirvia,UCPq8F1-TquBcTluWRmOP7HA,上陸で良さそう,,,,,,
2021-02-09T13:52:22.263000Z,八月亮,UCF1m1Ehuuaw8UTgTFfQxfEA,迷子を迎えに来たお父さんと娘,,,,,,
2021-02-09T13:52:23.628000Z,Hmph san,UCkD5qZ8jnlYtK99JaUeSlug,LOL,,,,,,
2021-02-09T13:52:24.436000Z,LionHead紅燒獅子頭,UClpAotRYMgrenbV703sL_MA,:_ssrbくささ:,,,,,,
2021-02-09T13:52:24.630000Z,Ken_Shimura,UCELuvWskX6lnPx9cGZ0aJwQ,新大陸発見した,,,,,,
2021-02-09T13:52:24.823000Z,Amrita,UCqDaN8rfE1_dya4AT5CXIrA,降りろｗｗ,,,,,,
2021-02-09T13:52:25.550000Z,村人E,UCQ1-abSYN6_YDB_UMgoK1BA,草,,,,,,
2021-02-09T13:53:04.410000Z,Extraho,UC3OWL1v6IbwaH8xacHfEnkw,[RU]  на удивление близко же,,,,,,
2021-02-09T13:53:04.467000Z,せらぬ,UCwymzLjyeWxCc1rsYqRXa_w,１回飛んでみよww,,,,,,
2021-02-09T13:53:05.005000Z,Тарас artpro555,UCTstlclFRJg3Da3F7gb_azw,"Было бы забавно, если бы она тоже заблудилась 🙂",,,,,,
2021-02-09T13:53:05.401000Z,しびあ,UC8AbutqJmA9SocTiveuGteg,エリトラでちょっと飛んでみてほしいｗｗ,,,,,,
2021-02-09T13:53:06.187000Z,けろ彦,UCTJ9xJwRVRu03pEdjPPlR0g,ねねちの足跡かな？,,,,,,
2021-02-09T13:53:06.917000Z,小笠原祐太,UCqdHVNsfcK1ryTOldcpAbww,みこち全ロス現場か……ｗ,,,,,,
2021-02-09T13:53:07.421000Z,The queen Taiba,UC78WfLyHHwAV4RBBMOA1NNw,:chillwcat:,,,,,,
2021-02-09T13:53:07.348000Z,マンボウ,UCXkTC3eFIz8DI55H3eUwapg,もうちょいだね,,,,,,
2021-02-09T13:53:08.190000Z,shirvia,UCPq8F1-TquBcTluWRmOP7HA,もうすぐそこよ～,,,,,,
2021-02-09T13:53:08.375000Z,もふもふ団長,UCIUoQ2RADwwJXPrcVAwTl2g,この辺だね,,,,,,
2021-02-09T13:53:09.159000Z,cover man,UCp-qN7k6RALvESQd4hSY0mg,もう近いよ,,,,,,
2021-02-09T13:53:09.733000Z,江蓮,UCeEeC77bkhQJ2wyOMhSHscw,エリトラで飛ぶどっきりしようぜ,,,,,,
2021-02-09T13:53:09.977000Z,seiya w,UC2JZ_J4W9fMfiJQ5xtLbseg,結構近くかもね,,,,,,
2021-02-09T13:53:10.297000Z,いたち二世,UCuKrJ6utiR0wPpqGBQFBKbg,かえれそうですね,,,,,,
2021-02-09T13:53:10.407000Z,猫ひげ,UCmn1SDeAdQA-V00bCUrr-Rw,そこやね,,,,,,
2021-02-09T13:53:10.793000Z,Bell Beauty and the Beast,UC12uK8bhNt8pXRz-hfF-8fw,上空から1回みたらはやそう,,,,,,
2021-02-09T13:53:11.578000Z,leno nowhere,UC_sjncdBo0IFK1qwjL5b8VA,浮気まつり爆心地だ,,,,,,
2021-02-09T13:53:11.676000Z,カラアゲ大臣,UCHB7My9x6HLb3gSNcaE8cOQ,エリトラで飛んでかないかずっと心配してる,,,,,,
2021-02-09T13:53:11.743000Z,LeCatte,UCkGTcHeZ6oRK2AGiCjoHVOQ,"[EN] 💬 : Ah well, it was nearer than I as expecting",,,,,,
2021-02-09T13:53:12.021000Z,kyo sa,UC3ykC-D8MmK19R-M9loUUMQ,ねねちゃんテンション高いｗ,,,,,,
2021-02-09T13:53:13.165000Z,テッサ,UCT5PG7jSBJXDanG8NqtBVvQ,飛んで探してみよ,,,,,,
2021-02-09T13:53:14.598000Z,seven yu,UC-1c1eSfajo5JylbGKB0BEw,ねねついてきてる？,,,,,,
2021-02-09T13:53:14.273000Z,緋巫女,UCOIr2sCUy6-pLMSebwCQSjA,謎の石碑,,,,,,
2021-02-09T13:53:15.632000Z,Müller,UCBpS3V4-B24XoIFfU2nyESA,ネネちゃんがずっと面白い,,,,,,
2021-02-09T13:53:17.860000Z,saitama,UCLz8ycwngmUiUqfPPDOKfmg,no engurisu peko?,,,,,,
2021-02-09T13:53:17.844000Z,Easy,UCZNj2yRjOJgURWxOH-rdUIA,冒険の跡が,,,,,,
2021-02-09T13:53:17.999000Z,housann,UCeIss79kgVCVuV17m6jPzAw,一回上から目的地見てみよう,,,,,,
2021-02-09T13:53:18.392000Z,KeroKerori555,UC6kDDKIXnjiXDCd-guAIOTA,ちょっと１回飛んでみる？,,,,,,
2021-02-09T13:53:18.446000Z,K o S 【SSRB】,UCjhZPL1Q3hnt3CLnFdTp4wA,その先,,,,,,
2021-02-09T13:53:18.524000Z,おるとす_00,UCLvbhsif4w3pEjs5IoLd91A,エリトラで飛んでみ,,,,,,
2021-02-09T13:53:18.826000Z,Павел Старостин,UCET2IknVgqmorcmkGzHCX9w,Салам попалам)),,,,,,
2021-02-09T13:53:18.807000Z,マイラ烏,UChTtE_A75xQdt_fYphDsVIQ,後ろ振り向いたらいないんだろ(。-∀-),,,,,,
2021-02-09T13:53:19.057000Z,RedWolf,UC7xHL8FjFkikgGXXfUlUWVg,送迎ありラーメン屋,,,,,,
2021-02-09T13:53:19.481000Z,Гангут Верный,UCddhi9nQ6LlTrVCSIBP7hIg,一回選り虎で確認してみません?,,,,,,
2021-02-09T13:53:19.043000Z,取り残された敗残兵,UC92rWBFJlf9UgddaXjVTJGQ,ねねちの出前までする麺屋ぼたんｗ,,,,,,
2021-02-09T13:53:21.684000Z,怜司,UCAPF86B1Ii7xEftamCH4DJA,一度上空から確認ありやな,,,,,,
2021-02-09T13:53:23.110000Z,浦浦だむずす,UCZ6PAg3B2sDkEELzXC_2GMw,みこちの残骸,,,,,,
2021-02-09T13:53:22.914000Z,猫太郎,UCRdeTLQa1YN30k1w-co7HkA,ちょっと飛んでみようか,,,,,,
2021-02-09T13:53:23.662000Z,ヨッシー,UCgvwX5zDWA8HQ8Rmg6er4ZA,ねねちついてきてる？,,,,,,
2021-02-09T13:53:25.562000Z,игорь авава,UCk3wlVpGd7MSurggY10MbPg,"BYN 2.00 from игорь авава: ""Pear character turning around waving his hand, saying 'Hey you' while lowering his glasses""",,,,2000000,BYN,
2021-02-09T13:53:25.779000Z,いへい,UCNJfizSg7rmwt4or_OBW5tQ,人が来た形跡があるのオモロイなｗ,,,,,,
2021-02-09T13:53:25.096000Z,Yunze Li,UCisgYzhNrJUOMT5ZJLnYDLw,Hi Botan!,,,,,,
2021-02-09T13:53:26.861000Z,Kazu,UCTWcwkaOZRatt31viI_Nn3Q,みこち全ロスの木,,,,,,
2021-02-09T13:53:27.525000Z,ねこまみれ,UCtSCMO436xhCeDBXMpO4Viw,ねねちにエリトラは本格的に帰ってこれなくなる・・・,,,,,,
2021-02-09T13:53:27.579000Z,ワリマル,UC7OMf4L_sdDOz2RYbBj5DQA,ししろんタワー,,,,,,
2021-02-09T13:53:28.166000Z,K o S 【SSRB】,UCjhZPL1Q3hnt3CLnFdTp4wA,そうそう,,,,,,
2021-02-09T13:53:28.168000Z,LeCatte,UCkGTcHeZ6oRK2AGiCjoHVOQ,[EN] 💬 : I wonder if it night time there,,,,,,
2021-02-09T13:53:28.440000Z,SIA,UCpjnlpigHmunhhLE2DD9Q-w,あそこだね,,,,,,
2021-02-09T13:53:29.309000Z,峰さん,UCNCW2jqRs5PKXi3sCMufRow,このシェード、どったんばったん大騒ぎしそうな色合いだね,,,,,,
2021-02-09T13:53:30.044000Z,世捨てネコ,UCDKLmLxRNFR7plBaEvdrCNw,ぽいね,,,,,,
2021-02-09T13:53:29.801000Z,dup48,UCqLVdD6cqulAaExzMTX_3oA,横着伐採の跡がたくさん,,,,,,
2021-02-09T13:53:31.080000Z,ハイズ,UCtjFXNmaxWXgStL5zo1QLaw,みこちの死亡場所か,,,,,,
2021-02-09T13:53:31.939000Z,Extraho,UC3OWL1v6IbwaH8xacHfEnkw,[RU]  На том сервере уже настала ночь интересно?,,,,,,
2021-02-09T13:53:32.301000Z,jin,UCJhrmI3VVjHbOW-zOnAcuzA,置いていくドッキリしよう,,,,,,
2021-02-09T13:53:32.605000Z,こうそんふ,UCS6JlPUtmaGsg6uKftQwxkw,ポルカならもう後ろにいないんやろなぁ,,,,,,
2021-02-09T13:53:34.265000Z,ルギス,UCBuh2byg7T9YiaG3dtE7JnA,雨の可能性も・・・,,,,,,
2021-02-09T13:53:34.081000Z,add slot,UCwgx33E8WKsIONtKlvIWvaA,距離1000は比較的近い,,,,,,
2021-02-09T13:53:34.554000Z,シャーク・竜巻,UC9XagK2xK6Jb6H0vL3IjzQA,帰るころにはちょうど良さそう,,,,,,
2021-02-09T13:53:35.667000Z,welly0606,UCsPSs02UyDmjAG4gjZxGHow,迷子ねね   更生設施処刑?,,,,,,
2021-02-09T13:53:36.055000Z,Mobius,UCT8AnGwhfNtZ0t88gShSqIw,夜でも向こうの人が寝ちゃう可能性が,,,,,,
2021-02-09T13:53:37.371000Z,brotheralpha,UCPKHApkw3MdbnXUAQpBmsBQ,人の形跡が増えてきた,,,,,,
2021-02-09T13:53:38.037000Z,Ken_Shimura,UCELuvWskX6lnPx9cGZ0aJwQ,オーパーツやん,,,,,,
2021-02-09T13:53:38.524000Z,Ornstein,UCc9c0Nw3GBlgaUAo0J6g4gA,русские вперед!,,,,,,
2021-02-09T13:53:40.470000Z,Torikamo鳥鴨しれない,UCD7PK6BoJ_Em0Lu3XuDQXnw,一回飛んで置いて行こうw,,,,,,
2021-02-09T13:53:41.307000Z,ぜえく,UC8-gjAPzhwJOYdTDdUcPGvA,すいちゃんいるから時間は進んでるはず,,,,,,
2021-02-09T13:53:41.697000Z,BlueFlame Bass,UCKsyXAMdc9jD9a7Pco2hD3g,NT$75.00 from BlueFlame Bass,75000000,TWD,,,,
2021-02-09T13:53:43.089000Z,Hiroyuki version2.0,UCJrtvnId9mMT2mxT3pbX10g,安心したら、ねねち態度でかくなってきたｗ,,,,,,
2021-02-09T13:53:43.618000Z,A_JS,UCjaewE3a7Dit8yfHwBQ-0tQ,yeahh~ arrived~,,,,,,
2021-02-09T13:53:44.090000Z,LeCatte,UCkGTcHeZ6oRK2AGiCjoHVOQ,[EN] 💬 : Is Nene-Chan having fun?,,,,,,
2021-02-09T13:53:45.076000Z,いたち二世,UCuKrJ6utiR0wPpqGBQFBKbg,ねねちゃんずっと面白い,,,,,,
2021-02-09T13:53:45.722000Z,老米,UC205MBadsPUrPYIFpqSh5Hw,ねねち可愛い,,,,,,
2021-02-09T13:53:45.788000Z,Heals Fujita,UCqaFqy8iWpQKxk7FhzKWQlg,急にエリトラで飛ぼう,,,,,,
2021-02-09T13:53:46.253000Z,Urist Mythrilforged,UCmGIjawtFteBNcaMQebT5Ig,Nene is such a lovable dope.,,,,,,
2021-02-09T13:53:46.176000Z,雷夢,UC65Ml4Z7V7v0TBA0O_FqyzQ,座標ください,,,,,,
2021-02-09T13:53:46.467000Z,さとなか,UC0Y2em9zjPIXijHwdgYlGbA,ライオンとくまの戦いの話ししてる（笑）,,,,,,
2021-02-09T13:54:17.260000Z,老米,UC205MBadsPUrPYIFpqSh5Hw,:_ssrbくささ::_ssrbくささ::_ssrbくささ:,,,,,,
2021-02-09T13:54:17.650000Z,榊原彩紀,UC6qo48UuTPo0aJZSQTF8ZNg,調子のってるわｗ,,,,,,
2021-02-09T13:54:17.928000Z,brotheralpha,UCPKHApkw3MdbnXUAQpBmsBQ,帰ったぞー！,,,,,,
2021-02-09T13:54:17.841000Z,JINですの,UCkV3wh-vdS73L_QQNBL4mAQ,とうちゃくー,,,,,,
2021-02-09T13:54:18.139000Z,いたち二世,UCuKrJ6utiR0wPpqGBQFBKbg,ご帰還ー,,,,,,
2021-02-09T13:54:18.489000Z,Naga Pendulum,UC45L42AmYjtrCjylIBNMERg,リリースしたばかりの頃のFF14を思い出した,,,,,,
2021-02-09T13:54:18.877000Z,ハロ ハロ,UCOhzUFDSjdsFg1FV4I6fxFw,ちちろぼたん言われとるｗ,,,,,,
2021-02-09T13:54:19.145000Z,えるしすていん,UCvLIVsBtfn5exAFHrUlb62A,HAHAHA,,,,,,
2021-02-09T13:54:19.518000Z,demupe[でむぺ],UCICG0SwB7ZceDBGLmschnSg,クマはライオンに勝てるんだぞって煽ってるねｗ,,,,,,
2021-02-09T13:54:20.239000Z,ガビンコ,UCeGcEXWxuNfzh2BPR6aWu6A,ちちろぼたん,,,,,,
2021-02-09T13:54:20.350000Z,[SSRB] sand1993,UCLJnYD7361jFDXj5KEcM_5Q,:_ssrbくささ:,,,,,,
2021-02-09T13:54:21.293000Z,マイラ烏,UChTtE_A75xQdt_fYphDsVIQ,案外近かった(ФωФ),,,,,,
2021-02-09T13:54:21.161000Z,6ris,UCFWRGhw0KHzaWKiQX6LOm1Q,草,,,,,,
2021-02-09T13:54:21.545000Z,さぐん,UCRQKDymtV6V-l8mJf2oF2tQ,手のかかる子だよ,,,,,,
2021-02-09T13:54:21.840000Z,ワンマンデンクロ,UCsBYzrj1-YbyYy9z2BkrRVA,帰ってこれたねw,,,,,,
2021-02-09T13:54:23.189000Z,あとむ227,UC0n1v7pWD6VvysTzmZ5AwPQ,お,,,,,,
2021-02-09T13:54:23.457000Z,シロガネ,UCiUdytlU6muoJptxD69iZrQ,迷子が煽ってもなｗｗ,,,,,,
2021-02-09T13:54:23.876000Z,鷆子/tenco,UC11M6CdEXpUWfCdG9q4uSvA,間に合う！,,,,,,
2021-02-09T13:54:23.915000Z,丸絞り,UCsg0apJ6BA8unG4-fAEtiCg,ちょうどいいな,,,,,,
2021-02-09T13:54:24.222000Z,ふな【FNA】,UCStjcBTvyOOVDPE8_eED8hQ,お,,,,,,
2021-02-09T13:54:25.252000Z,kerolol,UC9XCJ56t86gAxtThsvis7CA,お,,,,,,
2021-02-09T13:54:25.502000Z,善哉衛門【ぜんざいえもん】,UCMqyS9kfLsiv3ij7ccGO9Rw,ねねちほんまネタの才能しか感じないｗ,,,,,,
2021-02-09T13:54:25.585000Z,Noth,UCnRTPiCVvlxWXQoZkwDzDlA,やった！,,,,,,
2021-02-09T13:54:25.668000Z,がんばるダメな子,UCHl0mLCVTph1pgaiBzUAvwg,子猫みたいって煽られてるよー,,,,,,
2021-02-09T13:54:25.972000Z,てっちゃん,UCViePZnv18W4wS8wnpNbTLA,お,,,,,,
2021-02-09T13:54:26.297000Z,あさま,UCKLmzi5kmMKDHdsBAaHt91A,いいね！,,,,,,
2021-02-09T13:54:26.351000Z,DexterLoL,UCyQu2kpJixadnFcH7m356Ew,EH?,,,,,,
2021-02-09T13:54:26.275000Z,K o S 【SSRB】,UCjhZPL1Q3hnt3CLnFdTp4wA,お！,,,,,,
2021-02-09T13:54:26.815000Z,ぽんへり,UCKygzpIgttaeaA3_K6hJMbQ,お！ちょうどいい！,,,,,,
2021-02-09T13:54:27.204000Z,サボタージュ,UCAL3kLexCXwxUCEgYzndsjQ,やった,,,,,,
2021-02-09T13:54:27.298000Z,ふぬむぐ,UCf2a8iTRds16Hxuk08ca8VQ,お、いいじゃん,,,,,,
2021-02-09T13:54:27.747000Z,kazuha【SSRB】,UCP1Hq-3HhrE3v2fBJ1wz7bg,おおー,,,,,,
2021-02-09T13:54:27.630000Z,風知いづめ,UCsc0UdJzBRNduSm0EKo3xeA,煽ったらグルってる,,,,,,
2021-02-09T13:54:27.847000Z,ればんで,UCirrQcayobCMWPwCjH0LRvw,お,,,,,,
2021-02-09T13:54:28.300000Z,みずたき,UC0GMorzMN3hvyunGwtnriwg,額を撃ち抜こう,,,,,,
2021-02-09T13:54:28.493000Z,ラプソディーイーグル死神IV覚醒VI,UCilE2WRb7Y6QqWdZ2-4SOBQ,お！,,,,,,
2021-02-09T13:54:28.300000Z,TAKA HARU,UCV0SCuVQxzEKGI_K0iH6Baw,ちょーどいいね,,,,,,
2021-02-09T13:54:28.719000Z,timmyZert,UC6QJv5oiR9O7yrYGtfxJVcA,お！,,,,,,
2021-02-09T13:54:28.926000Z,愛情旋律,UC37gNSnAsK72cGuFl3yF04A,:_ssrbおおおお::_ssrbおおおお:,,,,,,
2021-02-09T13:54:29.338000Z,ゲーミング梟,UCewaSeLDgl6lcyrWogg5XdA,お？いいタイミングｗ,,,,,,
2021-02-09T13:54:29.717000Z,Haya,UCeKXuXHdXko9HWtjM6qi8KA,ぴったしじゃん,,,,,,
2021-02-09T13:54:29.674000Z,いたち二世,UCuKrJ6utiR0wPpqGBQFBKbg,ちちろぼたんw,,,,,,
2021-02-09T13:54:29.641000Z,mine,UCcH9CKNVq2hg_Z-_rSlp71A,ちょうど夜,,,,,,
2021-02-09T13:54:29.717000Z,あんらき,UC9-XDzaURVP-phOhHn9kU9A,ちょうど夜だね,,,,,,
2021-02-09T13:54:29.744000Z,猫ひげ,UCmn1SDeAdQA-V00bCUrr-Rw,いいねぇ,,,,,,
2021-02-09T13:54:29.795000Z,kiyokawa aoi,UCaQDIusuzvmOMZ54ydGuBBA,置いてく？,,,,,,
2021-02-09T13:54:30.158000Z,ブーリン,UCNBS6qgmuR8uTXuMDLx6uyw,通話してほしいなぁ,,,,,,
2021-02-09T13:54:30.158000Z,マンボウ,UCXkTC3eFIz8DI55H3eUwapg,やったね,,,,,,
2021-02-09T13:54:30.939000Z,ACLrj L,UCqLAlymP_SX32t5FY6NFaVA,konbanwa botan chan ❤️❤️,,,,,,
2021-02-09T13:54:31.052000Z,K R B【かるび】ん,UCy1IyyVKydLuvDNx4D6K-fA,ししろんの皮が狙われている,,,,,,
2021-02-09T13:54:31.683000Z,万策尽きた!,UCycs89ua-oPIR1WHG4AxI5Q,:_ssrbねねち:ぐるぐる,,,,,,
2021-02-09T13:54:32.160000Z,LeCatte,UCkGTcHeZ6oRK2AGiCjoHVOQ,[EN] 💬 : Ah Its Night!!,,,,,,
2021-02-09T13:54:32.550000Z,グレンXジルスケ,UCT4gdsWH07Gqfenqu2joqmw,おおー,,,,,,
2021-02-09T13:54:33.287000Z,エンジェラ【SSRB変更不可】,UCtxxdpN9c9LGwYcNblrdIEg,おおお,,,,,,
2021-02-09T13:54:33.655000Z,ぞうたく,UCdojVFPyvMQaJZSIZJyaS8Q,ぐるぐるねねち,,,,,,
2021-02-09T13:54:34.069000Z,なぎのすけ,UCRD-uOtJV-Wykds9A-j12JQ,ねねちぐるったw,,,,,,
2021-02-09T13:54:34.348000Z,shirvia,UCPq8F1-TquBcTluWRmOP7HA,おー,,,,,,
2021-02-09T13:54:34.125000Z,E s,UCU5zytNdQydvuWsRxRpYZng,いいタイミング！,,,,,,
2021-02-09T13:54:34.857000Z,Hakao [SSRB],UCCSnUFbSFlqpgHG93YJzIrg,NICE its night time!!!,,,,,,
2021-02-09T13:54:35.005000Z,ししろんの忠犬ぽち,UCE0kqCbOviVILF5KNY4IwGw,帰ってきたー！！,,,,,,
2021-02-09T13:54:35.553000Z,없음알수,UCBIlruUznfb343DaIIhvehw,おお,,,,,,
2021-02-09T13:54:36.418000Z,Elijah James,UCezmT-1i3LrGTpVX2QyjF_g,草,,,,,,
2021-02-09T13:54:36.302000Z,量亭あき,UCqFH-yaELT3c_f7tTEil6Hg,完璧だ,,,,,,
2021-02-09T13:54:36.609000Z,グレンXジルスケ,UCT4gdsWH07Gqfenqu2joqmw,きちゃ,,,,,,
2021-02-09T13:54:36.648000Z,チョコミント,UCQJcVk-ZZ1GLaTGITMsP4tg,いいねぇ,,,,,,
2021-02-09T13:54:36.893000Z,ノードDelta 【ねぽらぼ推しSSRB】,UC2ElkkdJNPiya8kOzD2cNFg,おおお!,,,,,,
2021-02-09T13:54:36.899000Z,匿名希望なたっさん,UCrXkECNEnwqUZIfY-6n8x0Q,夜に駆けろ！,,,,,,
2021-02-09T13:54:37.145000Z,Michei[SSRB雪民],UCjesK2kPfpMTNX11D942lVQ,nice timing,,,,,,
2021-02-09T13:54:36.775000Z,Khairuzzaman,UCwoIvfY4xmOx8_lcaycqXaQ,nenechi!,,,,,,
2021-02-09T13:54:37.124000Z,CLIFF BEE,UCdESgZgeBGBpCjC1v51ZyXA,いいね！,,,,,,
2021-02-09T13:54:37.340000Z,しゅなぽん,UCwU_5zTTWrOID8n3YeF8foA,ねねちゃん迷子になるからコンパス持たせてロードストーンにタッチさせて( ´ω` ),,,,,,
2021-02-09T13:54:37.526000Z,夕立ラングレー【変更不可】,UCvouJEBkJUPNnabQ3Dfpulg,ちちろぼたんのししかな？,,,,,,
2021-02-09T13:54:37.469000Z,えるしすていん,UCvLIVsBtfn5exAFHrUlb62A,時間が保存されてたか,,,,,,
2021-02-09T13:54:37.422000Z,[SSRB] sand1993,UCLJnYD7361jFDXj5KEcM_5Q,いいね,,,,,,
2021-02-09T13:54:38.440000Z,LeCatte,UCkGTcHeZ6oRK2AGiCjoHVOQ,[EN] 💬 : Botan: I want you to see something,,,,,,
2021-02-09T13:54:38.481000Z,ルニエル,UCv-68LOSTYvwbdViBBG05Kg,ないすぅタイミング,,,,,,
2021-02-09T13:54:38.914000Z,umi,UCSXJIqOqEKsItmbnJ6D6UOw,ボロン,,,,,,
2021-02-09T13:54:38.970000Z,さぐん,UCRQKDymtV6V-l8mJf2oF2tQ,いいね,,,,,,
2021-02-09T13:54:39.105000Z,ルギス,UCBuh2byg7T9YiaG3dtE7JnA,鳩だらけじゃねーか！ｗ,,,,,,
2021-02-09T13:54:39.264000Z,世捨てネコ,UCDKLmLxRNFR7plBaEvdrCNw,お！,,,,,,
2021-02-09T13:54:39.788000Z,Ame Rudyn,UCC-nK2HfkSVNUvqO9YJwCnw,:_ssrbくささ::_ssrbくささ::_ssrbくささ:,,,,,,
2021-02-09T13:54:40.164000Z,うみ うみ,UC5_INUbrhgFh-nOF4mvuAnA,星綺麗,,,,,,
2021-02-09T13:54:40.753000Z,LUNA,UCPo0EBn5A1nkSq-jbp6fYcg,いいね,,,,,,
2021-02-09T13:54:40.836000Z,seiya w,UC2JZ_J4W9fMfiJQ5xtLbseg,いいね,,,,,,
2021-02-09T13:54:41.132000Z,サボタージュ,UCAL3kLexCXwxUCEgYzndsjQ,告白かな？,,,,,,
2021-02-09T13:54:41.357000Z,Extraho,UC3OWL1v6IbwaH8xacHfEnkw,[RU]  как раз ночь,,,,,,
2021-02-09T13:54:41.157000Z,ディマ ディマ,UCbkVg1df-dZLAMONFLeG6og,привет всем,,,,,,
2021-02-09T13:54:41.533000Z,らんまる,UCx4qixnbd8EnAjAPnunPtpQ,ねねちグルグル,,,,,,
2021-02-09T13:54:41.921000Z,PassingWeeb,UCpUw0E3yw8JJVsr7DpDY1Vg,ぴったり,,,,,,
2021-02-09T13:54:42.192000Z,model otsu,UCQOVcsqT2nDxRtNwu9i7dEg,ようやく　本題に,,,,,,
2021-02-09T13:54:42.438000Z,ソルティ,UC45m-Yqjc5YB0JUbhzJ4Ehw,ねねちぐるぐる,,,,,,
2021-02-09T13:54:42.724000Z,筋肉スリヴァー,UCs4bsopAtbFSYL7t9Lbn-Yw,間に合えー！,,,,,,
2021-02-09T13:54:42.593000Z,丸絞り,UCsg0apJ6BA8unG4-fAEtiCg,すいちゃんがいたから時間すすんでたな,,,,,,
2021-02-09T13:54:42.776000Z,おるとす_00,UCLvbhsif4w3pEjs5IoLd91A,きちゃああ,,,,,,
2021-02-09T13:54:42.833000Z,鴉神夜叉刄-akamiyasaha-,UCWspAryog96tUMcQ0rKAFWg,おぉ～,,,,,,
2021-02-09T13:54:43.118000Z,猫ひげ,UCmn1SDeAdQA-V00bCUrr-Rw,かーんぺきー,,,,,,
2021-02-09T13:54:43.451000Z,heyhey kazuhey,UCd6Kn7lAQ8nqhqx8KkO5wJw,デートかな？,,,,,,
2021-02-09T13:54:43.741000Z,ジャオ,UCFdhHnPwKs-30KXyjyu9iWA,おおおお,,,,,,
2021-02-09T13:54:43.683000Z,kazuha【SSRB】,UCP1Hq-3HhrE3v2fBJ1wz7bg,やったね,,,,,,
2021-02-09T13:54:44.170000Z,Million OS,UCH-BbkZ1mYbgGyOzFASKOFg,nice timing,,,,,,
2021-02-09T13:54:45.902000Z,鷆子/tenco,UC11M6CdEXpUWfCdG9q4uSvA,タイミングバッチリ,,,,,,
2021-02-09T13:54:46.334000Z,ふな【FNA】,UCStjcBTvyOOVDPE8_eED8hQ,すいちゃんがいるからか,,,,,,
2021-02-09T13:54:46.412000Z,シロガネ,UCiUdytlU6muoJptxD69iZrQ,まにあうかね,,,,,,
2021-02-09T13:54:46.230000Z,茶漬け鮭,UChZ1D9cGOAPlLysuEHi6_dQ,クマのねねちのほうがライオンより強いってさ,,,,,,
2021-02-09T13:54:46.175000Z,Beast I,UCJk2QXxZoXpuVL5LV2T8gRQ,ナイスタイミング！,,,,,,
2021-02-09T13:55:09.744000Z,赤銀緋色【団長の拳士】,UCAiBNlik1yuRGyCSd8Exk6Q,歩くの新鮮だなｗ,,,,,,
2021-02-09T13:55:09.820000Z,厨二は病気じゃない個性だ!!,UC_sV2QRAb48laahuvl_VhkA,いいね,,,,,,
2021-02-09T13:55:10.262000Z,ジャオ,UCFdhHnPwKs-30KXyjyu9iWA,そうね,,,,,,
2021-02-09T13:55:10.505000Z,BIG LIZARD,UCZnIvnr38kTV9wDIm7rSr-A,:buffering::buffering::buffering:,,,,,,
2021-02-09T13:55:11.293000Z,おせいぼ,UCSFutcgZ1S6ft7MfP9PA03Q,いつも飛んでるからね,,,,,,
2021-02-09T13:55:11.928000Z,えるしすていん,UCvLIVsBtfn5exAFHrUlb62A,それはあるね,,,,,,
2021-02-09T13:55:12.812000Z,もののおのの,UC4FQf8P28U84Kf_KctPH6JA,間に合え！,,,,,,
2021-02-09T13:55:13.127000Z,YASU,UC6wdSqyl1OejsjyCViQrocQ,こんにちは,,,,,,
2021-02-09T13:55:13.678000Z,おねえ,UCs4X3BCCp5R24nKdioWqfoQ,間に合うかなぁ・・・,,,,,,
2021-02-09T13:55:14.231000Z,おせいぼ,UCSFutcgZ1S6ft7MfP9PA03Q,まにあえ～,,,,,,
2021-02-09T13:55:14.890000Z,Extraho,UC3OWL1v6IbwaH8xacHfEnkw,"[RU]  последнее время всё летаю, дороги все забыла",,,,,,
2021-02-09T13:55:16.135000Z,Hiroyuki version2.0,UCJrtvnId9mMT2mxT3pbX10g,足腰弱る,,,,,,
2021-02-09T13:55:16.464000Z,ごちゃ ごちゃ,UCwQWO-FeoVKmPqYHnNTJOdw,後ろのいる？,,,,,,
2021-02-09T13:55:16.487000Z,Ni Ni,UCmgWUJ8GWhAo6UGLOBicFrg,gao gao,,,,,,
2021-02-09T13:55:16.328000Z,seiya w,UC2JZ_J4W9fMfiJQ5xtLbseg,そうね,,,,,,
2021-02-09T13:55:16.652000Z,CANAAN 7270,UC-QkrKM9wbvbzOb4YqvU6KQ,だねｗ,,,,,,
2021-02-09T13:55:17.139000Z,さぐん,UCRQKDymtV6V-l8mJf2oF2tQ,道使わんからなｗ,,,,,,
2021-02-09T13:55:17.170000Z,I love the dawn of winter,UCkBQkEao4y6EN9vD09vB_dQ,Good Night!,,,,,,
2021-02-09T13:55:17.896000Z,シロガネ,UCiUdytlU6muoJptxD69iZrQ,インフラ工事してるしな,,,,,,
2021-02-09T13:55:18.287000Z,匿名希望なたっさん,UCrXkECNEnwqUZIfY-6n8x0Q,あるある,,,,,,
2021-02-09T13:55:18.138000Z,ガモウヤコウ,UCqGP4hxXFiTmQdKNpO4FUQQ,運動不足？,,,,,,
2021-02-09T13:55:18.627000Z,いたち二世,UCuKrJ6utiR0wPpqGBQFBKbg,徒歩が不馴れならいおんに,,,,,,
2021-02-09T13:55:19.116000Z,万策尽きた!,UCycs89ua-oPIR1WHG4AxI5Q,確かに,,,,,,
2021-02-09T13:55:19.935000Z,確かに暇じゃない人【SSRB】,UC3LRfQYok212mmBujpjg-Hw,確かに,,,,,,
2021-02-09T13:55:20.523000Z,有坂秋,UCa8KTgrJpwei37goiJ6CJgw,初心を忘れずに...,,,,,,
2021-02-09T13:55:20.931000Z,丸瀬奈留,UC3KJXL20w1K-nrx0IXlTNnQ,地上を歩かなくなったライオン,,,,,,
2021-02-09T13:55:21.249000Z,LeCatte,UCkGTcHeZ6oRK2AGiCjoHVOQ,"[EN] 💬 : I've been using Elytra to fly for so long, I forgot where the roads lead",,,,,,
2021-02-09T13:55:21.744000Z,なぎのすけ,UCRD-uOtJV-Wykds9A-j12JQ,体に一部になってきた,,,,,,
2021-02-09T13:55:22.334000Z,Yay,UCfXWJmDC3JBFxLwMHMFzBIQ,hello botaaan,,,,,,
2021-02-09T13:55:22.240000Z,世捨てネコ,UCDKLmLxRNFR7plBaEvdrCNw,あるあるやんけw,,,,,,
2021-02-09T13:55:21.967000Z,isana,UCLfAw0HLeU-SkQM8yzEupAA,ねねの配信グルったから避難してきた,,,,,,
2021-02-09T13:55:22.335000Z,Otaku Qliao,UCdDPniYYcD2nGE6hewjETMQ,botann sisho 💖💖💖💖💖💖💖💖 OwO,,,,,,
2021-02-09T13:55:22.913000Z,Ria Alcott,UCZB4TkBpuBO7Ff1HGxhuyEQ,エリトラあると歩いてらんない,,,,,,
2021-02-09T13:55:23.168000Z,Extraho,UC3OWL1v6IbwaH8xacHfEnkw,[RU]  где-то здесь же да?,,,,,,
2021-02-09T13:55:23.197000Z,赤銀緋色【団長の拳士】,UCAiBNlik1yuRGyCSd8Exk6Q,エリトラで背中載せられたらナァ,,,,,,
2021-02-09T13:55:23.762000Z,ch chwo,UCBUrJiyNKwxLLiRAsLpoznQ,そうね,,,,,,
2021-02-09T13:55:24.128000Z,けろ彦,UCTJ9xJwRVRu03pEdjPPlR0g,入り組んでるよな,,,,,,
2021-02-09T13:55:24.933000Z,鷆子/tenco,UC11M6CdEXpUWfCdG9q4uSvA,道整備されてるね,,,,,,
2021-02-09T13:55:24.975000Z,RX 78,UCCmmoJVCEkarBvGleOkGUnw,kawaii shiro lion,,,,,,
2021-02-09T13:55:25.742000Z,丸絞り,UCsg0apJ6BA8unG4-fAEtiCg,そろそろかな,,,,,,
2021-02-09T13:55:25.898000Z,TAKA HARU,UCV0SCuVQxzEKGI_K0iH6Baw,そのへんだね,,,,,,
2021-02-09T13:55:28.220000Z,M Y,UCkpD-6jXeJ8Bq9BoeWYcffQ,使われないアクアライン,,,,,,
2021-02-09T13:55:29.472000Z,もふもふ団長,UCIUoQ2RADwwJXPrcVAwTl2g,整備されてるから分かりやすい方,,,,,,
2021-02-09T13:55:29.700000Z,丸絞り,UCsg0apJ6BA8unG4-fAEtiCg,そろそろくるぞ！,,,,,,
2021-02-09T13:55:29.638000Z,おねえ,UCs4X3BCCp5R24nKdioWqfoQ,これは間に合いそうだ！,,,,,,
2021-02-09T13:55:30.125000Z,[SSRB] sand1993,UCLJnYD7361jFDXj5KEcM_5Q,せやな,,,,,,
2021-02-09T13:55:30.494000Z,なずなnzn,UC8HYVizwWcDHCBLggw1Ds3g,わかる,,,,,,
2021-02-09T13:55:33.143000Z,てっちゃん,UCViePZnv18W4wS8wnpNbTLA,ビーコンだらけだから徒歩でも速いけどね,,,,,,
2021-02-09T13:55:34.110000Z,もののおのの,UC4FQf8P28U84Kf_KctPH6JA,あった！,,,,,,
2021-02-09T13:55:34.397000Z,おせいぼ,UCSFutcgZ1S6ft7MfP9PA03Q,みえた,,,,,,
2021-02-09T13:55:35.745000Z,えるしすていん,UCvLIVsBtfn5exAFHrUlb62A,フレアが道整備して街も綺麗になったな,,,,,,
2021-02-09T13:55:36.527000Z,シロガネ,UCiUdytlU6muoJptxD69iZrQ,見えるね,,,,,,
2021-02-09T13:55:36.497000Z,6ris,UCFWRGhw0KHzaWKiQX6LOm1Q,癖になってんだエリトラで飛ぶの,,,,,,
2021-02-09T13:55:36.622000Z,取り残された敗残兵,UC92rWBFJlf9UgddaXjVTJGQ,きたきたｗ,,,,,,
2021-02-09T13:55:36.650000Z,太刀風,UCURN-jxTwjjUBGiH05Ocm5Q,最近歩いてる人の方が少ないしねー,,,,,,
2021-02-09T13:55:37.532000Z,有坂秋,UCa8KTgrJpwei37goiJ6CJgw,ライオンに翼やん,,,,,,
2021-02-09T13:55:37.911000Z,シャーク・竜巻,UC9XagK2xK6Jb6H0vL3IjzQA,見えた,,,,,,
2021-02-09T13:55:38.763000Z,Extraho,UC3OWL1v6IbwaH8xacHfEnkw,[RU]  Отсюда уже видно?,,,,,,
2021-02-09T13:55:39.638000Z,K o S 【SSRB】,UCjhZPL1Q3hnt3CLnFdTp4wA,そこだね,,,,,,
2021-02-09T13:55:40.327000Z,ぼたん鍋,UC6ilFOQML6oPVvgqp966x7g,歩くことを忘れたライオン,,,,,,
2021-02-09T13:55:40.442000Z,LeCatte,UCkGTcHeZ6oRK2AGiCjoHVOQ,[EN] 💬 : Where should we see it from I wonder,,,,,,
2021-02-09T13:55:40.665000Z,ゴンVゴンザレス,UCbohjTuiN1Hwj7tUd3_TElw,無茶苦茶きれい,,,,,,
2021-02-09T13:55:41.388000Z,Hiroyuki version2.0,UCJrtvnId9mMT2mxT3pbX10g,見える,,,,,,
2021-02-09T13:55:41.799000Z,ふな【FNA】,UCStjcBTvyOOVDPE8_eED8hQ,きちゃあ,,,,,,
2021-02-09T13:55:42.114000Z,Martin R,UCy927NPCtNDkeDSnuvGCiig,見える！,,,,,,
2021-02-09T13:55:43.721000Z,YASU,UC6wdSqyl1OejsjyCViQrocQ,初見です,,,,,,
2021-02-09T13:55:44.267000Z,佐鷹,UCV6awgmyBkHE0bGQ3mkJM1g,草,,,,,,
2021-02-09T13:55:44.304000Z,猫まっしぐら,UCuEJ-iRczVh_anAOnXpi6NA,みえるね,,,,,,
2021-02-09T13:55:44.303000Z,いたち二世,UCuKrJ6utiR0wPpqGBQFBKbg,みえた！,,,,,,
2021-02-09T13:55:44.777000Z,popo,UCNEl_QaWPdlP2oZP_gtfb_A,あった,,,,,,
2021-02-09T13:55:44.795000Z,老米,UC205MBadsPUrPYIFpqSh5Hw,:_ssrbくささ::_ssrbくささ::_ssrbくささ:,,,,,,
2021-02-09T13:55:44.781000Z,righeim【リグヘイム】,UCmmcaeBJZa39AeD-zQ0PULA,良う見えるｗ,,,,,,
2021-02-09T13:55:45.859000Z,ゲーミング梟,UCewaSeLDgl6lcyrWogg5XdA,きづいた,,,,,,
2021-02-09T13:55:45.936000Z,Hololiveを食べたい,UCu-Q_Dmqzb5b5fX1lySl0BQ,wow nice,,,,,,
2021-02-09T13:55:46.307000Z,Elijah James,UCezmT-1i3LrGTpVX2QyjF_g,"Its beautiful, my God",,,,,,
2021-02-09T13:56:16.746000Z,Chilly,UCMe023YhFM7WCkXTUOJDy8Q,あなたは私のワイフです!,,,,,,
2021-02-09T13:56:17.061000Z,Usa Nyanko,UCj8JpkLX__mG4Qznst_eR0A,すごぴ,,,,,,
2021-02-09T13:56:17.200000Z,佐鷹,UCV6awgmyBkHE0bGQ3mkJM1g,草,,,,,,
2021-02-09T13:56:17.236000Z,夕立ラングレー【変更不可】,UCvouJEBkJUPNnabQ3Dfpulg,すごぴ,,,,,,
2021-02-09T13:56:17.074000Z,にーにー,UC-8bdb9UQIg45IRZCbE4BmQ,すごぴ！！,,,,,,
2021-02-09T13:56:17.090000Z,私立かなた高校一期生アンジェル・五里羅,UCFd7Bq_-H-WbAu_NyGV8zJQ,SUGOPIwwwwwwwww,,,,,,
2021-02-09T13:56:17.366000Z,ハイズ,UCtjFXNmaxWXgStL5zo1QLaw,すごぴw,,,,,,
2021-02-09T13:56:17.228000Z,norapon,UC9vXiHykGTKWviXHyH7XCrw,大喜びしてるっぽいねｗ,,,,,,
2021-02-09T13:56:17.589000Z,咲saku,UCifTIKWCjqhiHx6M4vtsOGg,ラーメン看板は縦書きのイメージがあるなぁ,,,,,,
2021-02-09T13:56:17.534000Z,玉藻,UCGhqoZwlSPAnW0P7uLOlu1w,すごぴｗ,,,,,,
2021-02-09T13:56:17.478000Z,犬洋【イヌヒロ】,UCnDqtiaZo6GlRlzrVS-VwFA,いい反応だなあ笑,,,,,,
2021-02-09T13:56:17.870000Z,どん兵衛,UCR25Z2RGhaBdj4_EH8G7cbg,すごぴｗ,,,,,,
2021-02-09T13:56:17.961000Z,ZBNova[一生五期生単推し],UCYN7AaMFMPqMTmI_t6D6qgw,そごぴｗｗ,,,,,,
2021-02-09T13:56:18.173000Z,[ Shogun ],UClFuUZ565AnsTJf64lEy_UQ,"Konbanwa kawaii shiro lion, Botan-kun",,,,,,
2021-02-09T13:56:18.333000Z,さぐん,UCRQKDymtV6V-l8mJf2oF2tQ,以上ですｗｗ,,,,,,
2021-02-09T13:56:18.422000Z,jumbo 0709,UCAmOq1Rc9d4wzyUgwkvpFcA,草,,,,,,
2021-02-09T13:56:18.393000Z,サキタ,UCo8LBR4UDF67XnSw72fcJXg,かわいい,,,,,,
2021-02-09T13:56:18.478000Z,fuxuwari1,UCSZyGQaw5uxmmrVqV2DkATA,ww,,,,,,
2021-02-09T13:56:18.360000Z,K o S 【SSRB】,UCjhZPL1Q3hnt3CLnFdTp4wA,:_ssrbくささ::_ssrbくささ::_ssrbくささ:,,,,,,
2021-02-09T13:56:18.758000Z,kurobear,UCRGu8LiQgoN3rSaSGAFWHlg,草,,,,,,
2021-02-09T13:56:18.505000Z,はるやっこ,UCAKsaAkCPtoVuq_0igqneGg,大興奮してるｗ,,,,,,
2021-02-09T13:56:18.901000Z,鷆子/tenco,UC11M6CdEXpUWfCdG9q4uSvA,草,,,,,,
2021-02-09T13:56:18.872000Z,だらだら【阿良々木翼】,UCaZGBh1R30CtIM3CW0OX4cA,すごぴ！！！,,,,,,
2021-02-09T13:56:19.130000Z,Frog Filip,UCgjnYqfBxIlIG55YH54EVow,Hello from Moscow,,,,,,
2021-02-09T13:56:19.009000Z,取り残された敗残兵,UC92rWBFJlf9UgddaXjVTJGQ,草,,,,,,
2021-02-09T13:56:19.229000Z,あとむ227,UC0n1v7pWD6VvysTzmZ5AwPQ,草,,,,,,
2021-02-09T13:56:18.786000Z,丸絞り,UCsg0apJ6BA8unG4-fAEtiCg,草,,,,,,
2021-02-09T13:56:18.456000Z,ロシナンテ,UCx_RYOxdeqECl06PHyFC6TQ,すごぴ！,,,,,,
2021-02-09T13:56:19.278000Z,含水率11%,UCHQ2CVNQwb1WYwpHVG9SpdA,草,,,,,,
2021-02-09T13:56:19.257000Z,善哉衛門【ぜんざいえもん】,UCMqyS9kfLsiv3ij7ccGO9Rw,:_ssrbくささ::_ssrbくささ::_ssrbくささ:,,,,,,
2021-02-09T13:56:19.131000Z,大サンショウ犬,UC2U7Y1_8R9kdhFzyIh11Mbw,超喜んでるｗ,,,,,,
2021-02-09T13:56:19.536000Z,ればんで,UCirrQcayobCMWPwCjH0LRvw,草,,,,,,
2021-02-09T13:56:19.480000Z,双剣双銃のノワール,UCuWw8PdB7TDkCZhWYhQkfKA,すごぴw,,,,,,
2021-02-09T13:56:19.037000Z,Extraho,UC3OWL1v6IbwaH8xacHfEnkw,[RU]  На этом всё,,,,,,
2021-02-09T13:56:19.649000Z,ゴンVゴンザレス,UCbohjTuiN1Hwj7tUd3_TElw,喜んでる,,,,,,
2021-02-09T13:56:19.562000Z,Marvelous,UClpUZGnhy20y5Uc0L-p3pzA,LMAO,,,,,,
2021-02-09T13:56:19.705000Z,東山エンシ,UCHZ5y9eAM9AR_h3TeCmBSow,:_ssrbくささ:,,,,,,
2021-02-09T13:56:19.037000Z,mock_chan,UCThNAvEVc7nN-GyYJL8zYhw,:_ssrbくささ::_ssrbくささ:,,,,,,
2021-02-09T13:56:19.928000Z,破仁丸,UCQomrTtsmmRrFKwuKF1EoKA,すごぴｗ,,,,,,
2021-02-09T13:56:19.872000Z,LionHead紅燒獅子頭,UClpAotRYMgrenbV703sL_MA,:_ssrbくささ::_ssrbくささ::_ssrbくささ:,,,,,,
2021-02-09T13:56:19.815000Z,kazuha【SSRB】,UCP1Hq-3HhrE3v2fBJ1wz7bg,:_ssrbくささ:,,,,,,
2021-02-09T13:56:20.123000Z,がんばるダメな子,UCHl0mLCVTph1pgaiBzUAvwg,べた褒めだよー,,,,,,
2021-02-09T13:56:20.331000Z,大胆なちくわ,UCftUkh-ZWqXG9fPMnpeQBzQ,草,,,,,,
2021-02-09T13:56:20.317000Z,チョコミン党【SSRB変更不可】,UCzKni10kZK02TkZNgQHNUIA,スゴピ,,,,,,
2021-02-09T13:56:20.114000Z,[SSRB] sand1993,UCLJnYD7361jFDXj5KEcM_5Q,すごぴ！！！！！,,,,,,
2021-02-09T13:56:20.373000Z,T KS,UCjtlIgnwO9vBJtKMFGPjOpQ,すごぴw,,,,,,
2021-02-09T13:56:20.430000Z,御剣幽真,UC6GOFezv7CT_f4T9bKX5L7A,すごぴw,,,,,,
2021-02-09T13:56:20.483000Z,Hmph san,UCkD5qZ8jnlYtK99JaUeSlug,lol,,,,,,
2021-02-09T13:56:20.401000Z,jzs09,UC4YYL2G-2lja-Am7Ow5uVYg,IJOU DESU,,,,,,
2021-02-09T13:56:20.663000Z,ふな【FNA】,UCStjcBTvyOOVDPE8_eED8hQ,草,,,,,,
2021-02-09T13:56:20.595000Z,たけまくら,UCAmsrdf0QQs-4CfuFv3sSqA,すごぴ！,,,,,,
2021-02-09T13:56:20.815000Z,crxw,UCU2AMpZUJsCc7gWgQUapQjA,SUGOPIwwww,,,,,,
2021-02-09T13:56:21.094000Z,amelia3dp,UCcYTWKrpTQj-RgSgSgxhgUA,:_ssrbくささ:,,,,,,
2021-02-09T13:56:21.400000Z,popo,UCNEl_QaWPdlP2oZP_gtfb_A,草,,,,,,
2021-02-09T13:56:21.082000Z,PassingWeeb,UCpUw0E3yw8JJVsr7DpDY1Vg,すごぴｗ,,,,,,
2021-02-09T13:56:21.352000Z,Lee karmun,UCzs7cjdB487-EGso11ZyaRQ,i need clip for this two pov,,,,,,
2021-02-09T13:56:21.345000Z,ノードDelta 【ねぽらぼ推しSSRB】,UC2ElkkdJNPiya8kOzD2cNFg,すごぴー,,,,,,
2021-02-09T13:56:21.539000Z,猫ひげ,UCmn1SDeAdQA-V00bCUrr-Rw,いいリアクションしてるわw,,,,,,
2021-02-09T13:56:21.623000Z,Martin R,UCy927NPCtNDkeDSnuvGCiig,:_ssrbくささ:,,,,,,
2021-02-09T13:56:21.871000Z,シャドウアイズ,UCcrzmxmdEOOvD75eZ9q0AOg,すごぴ!w,,,,,,
2021-02-09T13:56:22.011000Z,うみかわ,UCYjdTRm-UU_V7VLjV6Dg6bA,すごぴｗ,,,,,,
2021-02-09T13:56:21.987000Z,Jimi Jimi,UCTVp87VY-uCgzffxILc_LCg,:_ssrbくささ:,,,,,,
2021-02-09T13:56:22.249000Z,Happy Ending,UCqRpGTSeyf-bv1hiOhsuW_w,:_ssrbくささ:,,,,,,
2021-02-09T13:56:22.459000Z,シオンp 雪民,UCsnUJp6npdkLgNych5AXd-A,ww,,,,,,
2021-02-09T13:56:22.384000Z,匿名希望なたっさん,UCrXkECNEnwqUZIfY-6n8x0Q,草,,,,,,
2021-02-09T13:56:22.635000Z,SoLa,UCkdTuXl5poI0vCQh_VlYVbg,ｗ,,,,,,
2021-02-09T13:56:22.711000Z,tbチャンネル,UClwjWd25LUIgc0jvWInDJ6A,草すぎるｗ,,,,,,
2021-02-09T13:56:22.866000Z,ワンマンデンクロ,UCsBYzrj1-YbyYy9z2BkrRVA,草,,,,,,
2021-02-09T13:56:22.908000Z,おねえ,UCs4X3BCCp5R24nKdioWqfoQ,でもまぁ・・・迎えに行かなかったら迷子だったし・・・,,,,,,
2021-02-09T13:56:22.726000Z,ジルフェルデin養命酒,UCQM6gBoGRFMy3emqLT7wIQA,めっちゃ喜んでるｗ,,,,,,
2021-02-09T13:56:23.181000Z,WangWang小王宅,UCW7xrXOZS5tzsypPim28DuQ,すごぴｗ,,,,,,
2021-02-09T13:56:22.852000Z,シルヴァ_ミーナ_宝鐘海賊団ビジネス係長,UCAFYVTmrjVE8LKRecu2lMcA,草:_ssrbくささ:,,,,,,
2021-02-09T13:56:23.068000Z,ジャオ,UCFdhHnPwKs-30KXyjyu9iWA,:_ssrbくささ:,,,,,,
2021-02-09T13:56:23.176000Z,ナイロン,UCrVS4WPaP0iUjnlnbiDp2qw,すごぴｗ,,,,,,
2021-02-09T13:56:23.216000Z,世捨てネコ,UCDKLmLxRNFR7plBaEvdrCNw,以上ですw,,,,,,
2021-02-09T13:56:23.799000Z,おるとす_00,UCLvbhsif4w3pEjs5IoLd91A,草,,,,,,
2021-02-09T13:56:23.686000Z,神無優,UCSdOdvue7tBqAqJuHAtvIJA,反応いいなｗｗ,,,,,,
2021-02-09T13:56:23.753000Z,テンゴクビッグマック,UCTpVctEwBrMEtQSkd9a91AA,かわいい,,,,,,
2021-02-09T13:56:24.040000Z,6ris,UCFWRGhw0KHzaWKiQX6LOm1Q,草,,,,,,
2021-02-09T13:56:23.955000Z,O XM,UCKCj2mqyTlPo9-xlk7nHiwQ,:_ssrbくささ::_ssrbくささ::_ssrbくささ:,,,,,,
2021-02-09T13:56:24.106000Z,双剣双銃のノワール,UCuWw8PdB7TDkCZhWYhQkfKA,:_ssrbくささ:,,,,,,
2021-02-09T13:56:23.910000Z,ひろ,UCjuuLGFJCR6Ac9XUyoo6dRg,ｗ,,,,,,
2021-02-09T13:56:23.938000Z,こうそんふ,UCS6JlPUtmaGsg6uKftQwxkw,すごぴ！！！,,,,,,
2021-02-09T13:56:24.548000Z,江島恭輔,UCfbbzmAnBFXrFWBIG8Vhavw,めっちゃ喜んでるw,,,,,,
2021-02-09T13:56:24.437000Z,Notchmeister,UCKb9LckipXdLW-gOAfM4qiA,lol,,,,,,
2021-02-09T13:56:24.935000Z,Kebbe94,UCEKa1McfloRgsdJf1kBRgjA,SUGOPI 草,,,,,,
2021-02-09T13:56:24.505000Z,グレンXジルスケ,UCT4gdsWH07Gqfenqu2joqmw,:_ssrbくささ:,,,,,,
2021-02-09T13:56:24.878000Z,めなつ,UCmzJnpSaZdRrjFsOpXSexyA,草,,,,,,
2021-02-09T13:56:25.209000Z,じゃにー前田,UCjCJhNpCc_L8qQNVgHLeWYg,すごぴ,,,,,,
2021-02-09T13:56:25.411000Z,Hakao [SSRB],UCCSnUFbSFlqpgHG93YJzIrg,Nene's super impressed,,,,,,
2021-02-09T13:56:25.628000Z,だるたにゃん,UC4qlwm8oaNSFJYVsgQusUxQ,すごぴは草,,,,,,
2021-02-09T13:56:25.679000Z,焼きりあむ,UCBt72VYoiiIq4GwEGmHaoFA,ウケてる,,,,,,
2021-02-09T13:56:25.697000Z,ふゆき【FuYuKi】,UCbWInE1bWH-rMHWh5gJrJpg,:_ssrbくささ::_ssrbくささ::_ssrbくささ:,,,,,,
2021-02-09T13:56:26.236000Z,孤高なる無意識なさとり,UC6K-Y0kS6kJjZeZGoHqt1Cw,すごぴってｗ,,,,,,
2021-02-09T13:56:26.507000Z,J am,UCR1O0PD4zLLERuPSHTIDLgg,:_ssrbくささ:,,,,,,
2021-02-09T13:56:26.682000Z,猫まっしぐら,UCuEJ-iRczVh_anAOnXpi6NA,すごぴってなにw,,,,,,
2021-02-09T13:56:27.035000Z,Michei[SSRB雪民],UCjesK2kPfpMTNX11D942lVQ,:_ssrbくささ:,,,,,,
2021-02-09T13:56:27.014000Z,サバ缶ボム,UCN9THxIrmUgLYVFwCJQLh9g,九龍城じみてきた,,,,,,
2021-02-09T13:56:27.265000Z,[ Shogun ],UClFuUZ565AnsTJf64lEy_UQ,"Konbanwa kawaii shiro lion, Botan-kun",,,,,,
2021-02-09T13:56:27.235000Z,酒場おんらいん,UCwbOe1LxYD4Im2KgbO_HEIQ,ウケるw,,,,,,
2021-02-09T13:56:27.350000Z,白木みつき 【SSRB】,UCfkru1WORu2M-fhSnXHjTnQ,:_ssrbくささ::_ssrbくささ::_ssrbくささ:,,,,,,
2021-02-09T13:56:27.263000Z,鯖煮込み定食,UCAC2xyrYe7kRyIdsCeWgalA,すごいを連呼してる！,,,,,,
2021-02-09T13:56:27.519000Z,てうり,UCgHmHa_MIDteZnJmGjqydAg,最高のリアクションｗ,,,,,,
2021-02-09T13:56:27.519000Z,有坂秋,UCa8KTgrJpwei37goiJ6CJgw,ってか5期生ビルめっちゃ繁華街って感じww,,,,,,
2021-02-09T13:56:27.931000Z,Archibald Yharnam,UCeOO7Nl-3AOviRH7GD9hgwQ,大興奮してるｗ,,,,,,
2021-02-09T13:56:28.298000Z,せらぬ,UCwymzLjyeWxCc1rsYqRXa_w,ねねちゃんとねっこの皆さんが興奮気味だ笑笑,,,,,,
2021-02-09T13:56:28.217000Z,shirvia,UCPq8F1-TquBcTluWRmOP7HA,めっちゃ良い反応してくれるやんｗ,,,,,,
2021-02-09T13:56:28.380000Z,しゅーまい,UCz96wjyTjj08SdlfCq622xQ,かわいすぎないか？ｗ,,,,,,
2021-02-09T13:56:28.242000Z,Kiyama,UCfxMtZOkp71Akdg3MUWyaMQ,めっちゃ褒められてますよ,,,,,,
2021-02-09T13:56:28.836000Z,sashimi8,UCCF2skrOufLNL0CXlnC71xg,すごぴ！,,,,,,
2021-02-09T13:56:28.903000Z,タカバ,UC3AXz-aD9EQh514wbvxE3SQ,ねねち大喜びだ,,,,,,
2021-02-09T13:56:29.078000Z,righeim【リグヘイム】,UCmmcaeBJZa39AeD-zQ0PULA,ねねちには刺さるよなｗ,,,,,,
2021-02-09T13:56:29.076000Z,シャドウアイズ,UCcrzmxmdEOOvD75eZ9q0AOg,:_ssrbくささ:,,,,,,
2021-02-09T13:56:29.465000Z,レオウルフ,UCDvmzhLRAlWcDxgLu2Z9jyw,めっちゃ喜んでるｗ,,,,,,
2021-02-09T13:56:30.243000Z,ぼんが ぼんが,UCs1aAJMV91ep7mmRSSRHgzw,めっちゃ興奮しとる,,,,,,
2021-02-09T13:56:30.464000Z,Reynaldo VIP,UC1tL8CylSTU4cQBCz_TP4RA,anyone know the background music name?,,,,,,
2021-02-09T13:56:30.742000Z,アスタロト,UCcqlpWC6LjZadcZGZaLz0dg,すごぴｗ,,,,,,
2021-02-09T13:56:30.936000Z,Ice Demon[SSRB],UC9VbRvTE1zn4yzkCI-3vWPQ,:_ssrbししろん::_ssrbししろん::_ssrbししろん::_ssrbねむい:,,,,,,
2021-02-09T13:56:30.965000Z,mikeou896,UCciLx_7nfg1Av-e4-D96bjQ,:_ssrbくささ::_ssrbくささ::_ssrbくささ:,,,,,,
2021-02-09T13:56:31.189000Z,seiya w,UC2JZ_J4W9fMfiJQ5xtLbseg,確かにね,,,,,,
2021-02-09T13:56:30.793000Z,えるしすていん,UCvLIVsBtfn5exAFHrUlb62A,∃И∃ИMIが点滅するんだろうな,,,,,,
2021-02-09T13:56:31.532000Z,STINGER,UCMBqEKxkpI3htzdTckodWdw,ねねちゃんめっちゃ興奮してるｗ,,,,,,
2021-02-09T13:56:32.171000Z,ルギス,UCBuh2byg7T9YiaG3dtE7JnA,草,,,,,,
2021-02-09T13:56:31.743000Z,刃鬼yacht,UCSX31ClzlFJ6XzLT-4ctazQ,:_ssrbくささ::_ssrbくささ::_ssrbくささ:,,,,,,
2021-02-09T13:56:32.307000Z,円月【えんげつ】,UCJJMJwCqDiAccBfHe9unKig,ねねちのテンションよ…ｗ,,,,,,
2021-02-09T13:56:32.101000Z,寝子,UCPYxNM5yIOk_6W58M0bCGPQ,カッコイイ連呼してる,,,,,,
2021-02-09T13:56:32.485000Z,王大明,UCDLaE-_0eF_ZOULKfo-vuFA,3Ｎ3ＮＭIラーメン,,,,,,
2021-02-09T13:56:33.876000Z,いへい,UCNJfizSg7rmwt4or_OBW5tQ,文字作るの好きだから刺さりそうｗ,,,,,,
2021-02-09T13:56:33.460000Z,WidholfTW_ワーフ,UCXOSOdb5F42QeUXTA4UskDQ,:_ssrbくささ::_ssrbくささ::_ssrbくささ:,,,,,,
2021-02-09T13:56:33.849000Z,みくりな,UC83C9Dd0voEdryWdUka2LhQ,５期生ハウスピッカピカよねｗ,,,,,,
2021-02-09T13:56:34.715000Z,Laplace W,UCcYqTGdl9V7vP4pb93_fwkQ,ENENNI,,,,,,
2021-02-09T13:56:34.715000Z,Hakao [SSRB],UCCSnUFbSFlqpgHG93YJzIrg,Cute reaction,,,,,,
2021-02-09T13:56:34.944000Z,Urist Mythrilforged,UCmGIjawtFteBNcaMQebT5Ig,And they are back,,,,,,
2021-02-09T13:56:34.743000Z,M Y,UCkpD-6jXeJ8Bq9BoeWYcffQ,EMINENEも光らせたくなる気がする,,,,,,
2021-02-09T13:56:34.945000Z,えたーなる,UC7KeZC33d56yG9jwQt4SCBg,ねねち大喜びｑ,,,,,,
2021-02-09T13:56:34.952000Z,Ro Ki,UCyPC_xyWwy08bCGMOTaUf-A,2窓してると、ねねちの純粋な驚きが胸に刺さるよ・・・ｗ,,,,,,
2021-02-09T13:56:35.270000Z,PALO Kun ch. パロカン,UCyWNsmds0lgR2iFLV3WlFMQ,55,,,,,,
2021-02-09T13:56:35.783000Z,Osvaldo Daniel Gheno Fabián,UC63BZxcGmovtWzfUg8CCy3g,YES,,,,,,
2021-02-09T13:56:35.823000Z,厨二は病気じゃない個性だ!!,UC_sV2QRAb48laahuvl_VhkA,すごぴ,,,,,,
2021-02-09T13:56:35.686000Z,善哉衛門【ぜんざいえもん】,UCMqyS9kfLsiv3ij7ccGO9Rw,すごぴは草,,,,,,
2021-02-09T13:56:36.464000Z,ゴロンタ,UCQi7dmvhQapmb4e3_oI3ASA,ねねちテンション爆上げ,,,,,,
2021-02-09T13:56:36.891000Z,いたち二世,UCuKrJ6utiR0wPpqGBQFBKbg,ねねちゃんのリアクションかわいいなぁ,,,,,,
2021-02-09T13:56:37.191000Z,しびあ,UC8AbutqJmA9SocTiveuGteg,いうとるいうとるｗｗ,,,,,,
2021-02-09T13:56:37.361000Z,海馬,UCEMOedhoo0YecxZWbBcZr7w,:_ssrbくささ::_ssrbくささ::_ssrbくささ:,,,,,,
2021-02-09T13:56:38.300000Z,MI.,UC6KyifmWUXgBfajv5jqv5SQ,同じこと言ってて草,,,,,,
2021-02-09T13:56:38.945000Z,あさま,UCKLmzi5kmMKDHdsBAaHt91A,ENENMIも光るといいね！,,,,,,
2021-02-09T13:56:39.144000Z,Rikuruta,UCWMO7m1n6pW6BndlIkFl6xw,大喜びしてるよ,,,,,,
2021-02-09T13:56:39.571000Z,神谷一瑳,UCGR1HAnA1FJ7rJ2Te8T17pQ,いうとるｗ,,,,,,
2021-02-09T13:56:39.738000Z,丸瀬奈留,UC3KJXL20w1K-nrx0IXlTNnQ,5期生ビルが歌舞伎町になっていく……,,,,,,
2021-02-09T13:56:39.911000Z,Mushroom,UCfQg2gBT35n76bM_nVrqmpA,Nene so sweet,,,,,,
2021-02-09T13:56:40.086000Z,O XM,UCKCj2mqyTlPo9-xlk7nHiwQ,:_ssrbくささ::_ssrbくささ:,,,,,,
2021-02-09T13:56:40.374000Z,ればんで,UCirrQcayobCMWPwCjH0LRvw,すごい興奮しておる,,,,,,
2021-02-09T13:56:41.687000Z,mine,UCcH9CKNVq2hg_Z-_rSlp71A,肩パッドついたよって,,,,,,
2021-02-09T13:56:41.905000Z,セミ,UCQ4NUKB0X034MsMjSb7-8bA,情報量の多いビル,,,,,,
2021-02-09T13:56:42.275000Z,ピーチボーイ,UCRGx8XEAigwQ9pPBtTodMFA,すごぴ＞すごい,,,,,,
2021-02-09T13:56:42.387000Z,LeCatte,UCkGTcHeZ6oRK2AGiCjoHVOQ,[EN] 💬 : If Nene-chan's sign lights up too it'll be super interesting,,,,,,
2021-02-09T13:56:42.249000Z,M K,UCyUjwl6Kaoj8P7Y2Jqn1vrg,絶対やりたいって言うでしょｗ,,,,,,
2021-02-09T13:56:42.776000Z,みふみ.ふじ.,UCnWkN5_upuRWXV6lnzVRljg,寧々知と同じこと言ってて草,,,,,,
2021-02-09T13:56:42.830000Z,犬山あおい,UC6JdIVXa01tGS4aZ8Q8kpfA,改めて見ると凄いな,,,,,,
2021-02-09T13:56:42.861000Z,ぜえく,UC8-gjAPzhwJOYdTDdUcPGvA,めっちゃよろこんでる,,,,,,
2021-02-09T13:56:43.039000Z,えるに,UCriKiFi6rlJ5nQrd9mwcqaw,ねねちの部屋も光らせたいらしい,,,,,,
2021-02-09T13:56:43.189000Z,ぬーんぬん,UCUc_ZcQ4JepLiRmqav0VYGQ,めっちゃテンション上がってるｗ,,,,,,
2021-02-09T13:56:43.829000Z,JkZhan TW,UCmV-OkPorycUuu2H7tW126Q,草,,,,,,
2021-02-09T13:56:43.817000Z,Urist Mythrilforged,UCmGIjawtFteBNcaMQebT5Ig,"Also, that neon sign.",,,,,,
2021-02-09T13:56:44.179000Z,D. Santos,UC4nmlr7RnMwDUI22IqYh1cw,❤️❤️❤️❤️,,,,,,
2021-02-09T13:56:44.079000Z,Riku riku.,UCHWAY1bx91ZZ-hZN0eguoKw,ねねの部屋も光らんかなだって,,,,,,
2021-02-09T13:56:44.452000Z,うみ うみ,UC5_INUbrhgFh-nOF4mvuAnA,勝手に回路ひく？,,,,,,
2021-02-09T13:56:44.743000Z,取り残された敗残兵,UC92rWBFJlf9UgddaXjVTJGQ,すごぴってなんだｗ,,,,,,
2021-02-09T13:56:45.103000Z,ワンツーステップO.T.S,UC0Krz7qEezW4Q8HhFeMFLow,見せたがりライオンかわいい,,,,,,
2021-02-09T13:56:45.241000Z,RedWolf,UC7xHL8FjFkikgGXXfUlUWVg,ねねちゃん何でも光らせそうだ,,,,,,
2021-02-09T13:56:46.146000Z,玉藻,UCGhqoZwlSPAnW0P7uLOlu1w,自分の部屋も光らないかなって,,,,,,
2021-02-09T14:02:03.023000Z,CLIFF BEE,UCdESgZgeBGBpCjC1v51ZyXA,あっ,,,,,,
2021-02-09T14:02:04.098000Z,天瀬紅竜【アマセ クリュウ】,UCNlFkP-WiOcX4dd60SxbPBg,ベッドはねねちのだよ,,,,,,
2021-02-09T14:02:04.459000Z,ある,UChuxpd5_YMpu4x3yXqAQzrQ,言質とったどー,,,,,,
2021-02-09T14:02:06.332000Z,いもすけ,UC0b7GkSrbIWJJpigrBPu1YA,言質(後出し),,,,,,
2021-02-09T14:02:06.166000Z,Hakao [SSRB],UCCSnUFbSFlqpgHG93YJzIrg,GOD,,,,,,
2021-02-09T14:02:06.542000Z,やったろう,UCPqNbg9PEQKnItW6-ZuXzlA,げんしつとったね,,,,,,
2021-02-09T14:02:07.177000Z,jin,UCJhrmI3VVjHbOW-zOnAcuzA,部屋の文字も崩して使おう,,,,,,
2021-02-09T14:02:07.624000Z,咲saku,UCifTIKWCjqhiHx6M4vtsOGg,かっけーなこれー,,,,,,
2021-02-09T14:02:07.940000Z,今日から金使うこーへー【変更可】,UCCyMI556uSXRF80Y-P-Svlw,ここではげんしつなんよww,,,,,,
2021-02-09T14:02:08.484000Z,怠惰みん,UCNUc0nSFNOGKvOHoo0EmBAg,やっぱゲンシツはネタだったか,,,,,,
2021-02-09T14:02:09.363000Z,いたち二世,UCuKrJ6utiR0wPpqGBQFBKbg,ししろん可愛いなぁ,,,,,,
2021-02-09T14:02:10.314000Z,MATU,UCLNpqtVDsDMmTGX2uszBHBg,げぇぇぇぇぇんちぃぃぃぃいいい！！,,,,,,
2021-02-09T14:02:10.554000Z,MysteryEggplant,UCZRI94iNipuIEcUaOBTFWwg,another trash box,,,,,,
2021-02-09T14:02:12.101000Z,こうそんふ,UCS6JlPUtmaGsg6uKftQwxkw,うん。,,,,,,
2021-02-09T14:02:12.506000Z,取り残された敗残兵,UC92rWBFJlf9UgddaXjVTJGQ,またかーいｗ,,,,,,
2021-02-09T14:02:12.383000Z,真田幸近,UCBz2aNkVl-4Ma-PxzpVDabQ,ん？今使っていいって言ったよね？,,,,,,
2021-02-09T14:02:12.793000Z,486 John,UCKi29hvKRNsBroOiZL3GSQQ,(๑• . •๑),,,,,,
2021-02-09T14:02:13.120000Z,えるしすていん,UCvLIVsBtfn5exAFHrUlb62A,げんしつ派の生き残りだって何度も言ってるからな,,,,,,
2021-02-09T14:02:12.977000Z,セミ,UCQ4NUKB0X034MsMjSb7-8bA,何も間違っていない,,,,,,
2021-02-09T14:02:13.629000Z,Anibal Villa,UCldFdxQdp4OfHfEAaq254wQ,hello,,,,,,
2021-02-09T14:02:13.625000Z,たつま屋,UClWem1J_44_B1yOi0AGfEZA,わざとやねん,,,,,,
2021-02-09T14:02:14.291000Z,テンタクルス,UC2d-UxTCuWcfFrgCsXzcBJA,大槻げんち,,,,,,
2021-02-09T14:02:14.436000Z,kkr990,UCp_rbxb7QNDJF3vkMud1ggg,わざとだから気にしちゃあかん,,,,,,
2021-02-09T14:02:15.042000Z,leno nowhere,UC_sjncdBo0IFK1qwjL5b8VA,げんしつ派はかしこいな,,,,,,
2021-02-09T14:02:16.231000Z,Noth,UCnRTPiCVvlxWXQoZkwDzDlA,かわいい,,,,,,
2021-02-09T14:02:16.726000Z,鷆子/tenco,UC11M6CdEXpUWfCdG9q4uSvA,げんしつ派は賢いな,,,,,,
2021-02-09T14:02:17.074000Z,ニシヤン,UCLpVl2TzjxRgpFhIa3gEPNw,草,,,,,,
2021-02-09T14:02:17.804000Z,モックスモーリー,UCQIvdtsuduNRiXJ8TrrmZdg,どっちでもいいんだよ,,,,,,
2021-02-09T14:02:18.261000Z,なぎのすけ,UCRD-uOtJV-Wykds9A-j12JQ,はーいw,,,,,,
2021-02-09T14:02:18.679000Z,Yusuke M,UCNmjGZvvNJCQYfNIdlI5LHQ,はいw,,,,,,
2021-02-09T14:02:19.070000Z,括弧,UChQLyEuZP9Kf-gHd9Sa2sbQ,げんしつ派,,,,,,
2021-02-09T14:02:18.822000Z,世捨てネコ,UCDKLmLxRNFR7plBaEvdrCNw,やってるねw,,,,,,
2021-02-09T14:02:19.291000Z,ましゅ,UCqy3AIYMeQsSL-99ny63fzg,ぎゃんぐたうんちほーだし,,,,,,
2021-02-09T14:02:18.987000Z,とうとけい,UC08uZNjedNpW62feoS2o5eg,ふいんき,,,,,,
2021-02-09T14:02:19.665000Z,ニャステット,UCZuiRDWf5B5mSeLg09yYGPg,諸説ある,,,,,,
2021-02-09T14:02:20.107000Z,まりちん,UCNmpH2fGPKXBgzfn61kgvfA,うまあじ みたいな感じかｗ,,,,,,
2021-02-09T14:02:20.580000Z,司波タツヤ,UCfmRDnFlcOj4toesy30JMbQ,げんしつはか,,,,,,
2021-02-09T14:02:20.598000Z,双剣双銃のノワール,UCuWw8PdB7TDkCZhWYhQkfKA,うん,,,,,,
2021-02-09T14:02:21.615000Z,シャドウアイズ,UCcrzmxmdEOOvD75eZ9q0AOg,ここではげんしつ,,,,,,
2021-02-09T14:02:22.893000Z,サッキー,UCNQE6fl7njdSfzFW7YwG8KQ,ねねちのベット持っちゃってるね,,,,,,
2021-02-09T14:02:23.848000Z,sarukichi 628,UC_HhPiU6N1pys1iNwo1lWbQ,ねねの部屋より目立っているって,,,,,,
2021-02-09T14:02:23.959000Z,LeCatte,UCkGTcHeZ6oRK2AGiCjoHVOQ,[EN] 💬 : I've received some materials. Thank you very much,,,,,,
2021-02-09T14:02:24.247000Z,seiya w,UC2JZ_J4W9fMfiJQ5xtLbseg,そうね,,,,,,
2021-02-09T14:02:24.856000Z,農民狼,UCiNTNS6u64aei1xNHiiXqlw,いつもの,,,,,,
2021-02-09T14:02:24.697000Z,にーにー,UC-8bdb9UQIg45IRZCbE4BmQ,毎回やってる気がする,,,,,,
2021-02-09T14:02:25.411000Z,みくりな,UC83C9Dd0voEdryWdUka2LhQ,ところがどっこい、これがげんしつ・・・！,,,,,,
2021-02-09T14:02:25.326000Z,[SSRB][雪民]れーちゃん【変更不可】,UCfrrR5DkYf2nD-wXRnvaEBw,読めりゃええんよ,,,,,,
2021-02-09T14:02:25.522000Z,SpinSpin[スピンスピン],UCfYn2TCngTj1M7G6JzgsKsA,毎回やってんなw,,,,,,
2021-02-09T14:02:25.863000Z,ささぱんだ佐々木,UCCZFmmcCuiFtnr0MNc6oc_g,ことじち,,,,,,
2021-02-09T14:02:26.562000Z,bフィレンツェ,UC7AHuChBamcnjc5vZGgPQ1Q,わざとだから、気にしないでね,,,,,,
2021-02-09T14:02:26.801000Z,いそぼん,UComxxMmxsiUNZTb3tekk37g,ここではげんしつなのです,,,,,,
2021-02-09T14:02:27.276000Z,夕立ラングレー【変更不可】,UCvouJEBkJUPNnabQ3Dfpulg,げんしつ派はIQ200,,,,,,
2021-02-09T14:02:27.607000Z,1 Kakeru,UCIHKJxIyU20RFnGrJfhJJNw,ここではげんしつ,,,,,,
2021-02-09T14:02:28.787000Z,茶漬け鮭,UChZ1D9cGOAPlLysuEHi6_dQ,ししろんのげんしつはワザとだぞ,,,,,,
2021-02-09T14:02:28.297000Z,ダテオル,UCIhcjkEMSJEY8f8YqxbV8ZQ,はーい,,,,,,
2021-02-09T14:02:28.923000Z,じん,UCLvHfatnTnnk4KGHC5EkuwQ,ここではね笑,,,,,,
2021-02-09T14:02:30.169000Z,Extraho,UC3OWL1v6IbwaH8xacHfEnkw,"[RU]  А, это кровать Нене же",,,,,,
2021-02-09T14:02:29.997000Z,リック,UCEf8kaP0OxpK6g6PnFkYqiA,ししろんげんちだよ,,,,,,
2021-02-09T14:02:30.190000Z,Beast I,UCJk2QXxZoXpuVL5LV2T8gRQ,繰り返されてたんだw,,,,,,
2021-02-09T14:02:33.571000Z,センとポール,UCPbVRAcEPZI2IpkaIqi1pRg,ベッドも使っていいんじゃない,,,,,,
2021-02-09T14:02:34.550000Z,brotheralpha,UCPKHApkw3MdbnXUAQpBmsBQ,げんち派の心折れるまで言い続けよう,,,,,,
2021-02-09T14:02:35.306000Z,LeCatte,UCkGTcHeZ6oRK2AGiCjoHVOQ,"[EN] 💬 : Wait, this is Nene-chan's bed right?",,,,,,
2021-02-09T14:02:35.470000Z,ロシナンテ,UCx_RYOxdeqECl06PHyFC6TQ,ここではししろんがルール,,,,,,
2021-02-09T14:02:36.814000Z,ノードDelta 【ねぽらぼ推しSSRB】,UC2ElkkdJNPiya8kOzD2cNFg,うんうん,,,,,,
2021-02-09T14:02:38.192000Z,ワリマル,UC7OMf4L_sdDOz2RYbBj5DQA,旨味（うまあじ）巣窟（すくつ）,,,,,,
2021-02-09T14:02:38.207000Z,へたれゲーマー,UCmnFI0x15ns_6atzgg3gNfg,ここではげんしつがただしい,,,,,,
2021-02-09T14:02:40.141000Z,バレてない方のMorrison【SSRB】【変更不可】,UC2nhst3ZYPemkVnsWA9e8rQ,I’ｍ NENEより目立ってるとプチおこです,,,,,,
2021-02-09T14:02:41.188000Z,ささぱんだ佐々木,UCCZFmmcCuiFtnr0MNc6oc_g,ねねねーねねねー,,,,,,
2021-02-09T14:02:42.693000Z,SpinSpin[スピンスピン],UCfYn2TCngTj1M7G6JzgsKsA,俺はことじち派,,,,,,
2021-02-09T14:02:43.188000Z,世捨てネコ,UCDKLmLxRNFR7plBaEvdrCNw,いきなりだとついうっかり言っちゃうっていう,,,,,,
2021-02-09T14:02:43.330000Z,ゲーミング梟,UCewaSeLDgl6lcyrWogg5XdA,ぇぇえぇｗ,,,,,,
2021-02-09T14:02:43.941000Z,取り残された敗残兵,UC92rWBFJlf9UgddaXjVTJGQ,けんしつ（定期,,,,,,
2021-02-09T14:02:43.747000Z,ラファールリオン『Crew』,UCFdF6wzAU5s63qWVuabQ_iw,そうか、ここではししろんが正義だわなw,,,,,,
2021-02-09T14:02:44.133000Z,村人E,UCQ1-abSYN6_YDB_UMgoK1BA,kusa,,,,,,
2021-02-09T14:02:44.414000Z,セミ,UCQ4NUKB0X034MsMjSb7-8bA,繰り返しは基本,,,,,,
2021-02-09T14:02:45.764000Z,Adry A,UC-jNkRUczAivWw3TOldUUZA,"ARS 20.00 from Adry A: ""sos increibe botan. cool. 😎❤️""",20000000,ARS,sos increibe botan. cool. 😎❤️,,,
2021-02-09T14:03:01.860000Z,白木みつき 【SSRB】,UCfkru1WORu2M-fhSnXHjTnQ,:_ssrbくささ:,,,,,,
2021-02-09T14:03:02.066000Z,通りすがりの人A,UC8MI-X_aG7yIA3B5f9DV1Bw,朝日いいなぁ,,,,,,
2021-02-09T14:03:01.895000Z,鷆子/tenco,UC11M6CdEXpUWfCdG9q4uSvA,いい頃合だね,,,,,,
2021-02-09T14:03:01.982000Z,TAKA HARU,UCV0SCuVQxzEKGI_K0iH6Baw,いい朝日だ,,,,,,
2021-02-09T14:03:02.446000Z,農民狼,UCiNTNS6u64aei1xNHiiXqlw,燃えるww,,,,,,
2021-02-09T14:03:02.517000Z,アースノーマッド,UCXPEmEEehXywZMtfMRkO_Zw,置場所よww,,,,,,
2021-02-09T14:03:03.057000Z,Michei[SSRB雪民],UCjesK2kPfpMTNX11D942lVQ,lol,,,,,,
2021-02-09T14:03:03.197000Z,Князь Колдунов,UCht6E_X9CqIC9yHKUICHahA,"что с механизмом? и что произошло, а то зашёл, а тут чат летит в небеса",,,,,,
2021-02-09T14:03:04.642000Z,円月【えんげつ】,UCJJMJwCqDiAccBfHe9unKig,ベッド返したｗ,,,,,,
2021-02-09T14:03:04.949000Z,Million OS,UCH-BbkZ1mYbgGyOzFASKOFg,Thank for stream lalaionnnnnn,,,,,,
2021-02-09T14:03:05.725000Z,welly0606,UCsPSs02UyDmjAG4gjZxGHow,草,,,,,,
2021-02-09T14:03:05.816000Z,空気人_こーりん,UC8rhhHRVk6IVzySDPgtTd3A,暑そう,,,,,,
2021-02-09T14:03:06.170000Z,サクノ,UCIlatPQITATZc4GR0V_I2HA,おつかれさま,,,,,,
2021-02-09T14:03:06.273000Z,御剣幽真,UC6GOFezv7CT_f4T9bKX5L7A,そこに置くのかw,,,,,,
2021-02-09T14:03:06.473000Z,えるしすていん,UCvLIVsBtfn5exAFHrUlb62A,２時間たっぷり楽しんだ,,,,,,
2021-02-09T14:03:06.461000Z,charlex,UCCDa_rNsFEQ3Zdd2d4fDPcg,:_ssrbくささ:,,,,,,
2021-02-09T14:03:06.530000Z,おねえ,UCs4X3BCCp5R24nKdioWqfoQ,朝日は美しい・・・,,,,,,
2021-02-09T14:03:08.682000Z,Anibal Villa,UCldFdxQdp4OfHfEAaq254wQ,xD,,,,,,
2021-02-09T14:03:08.863000Z,LeCatte,UCkGTcHeZ6oRK2AGiCjoHVOQ,"[EN] 💬 : Well, we've managed somehow to complete today's tasks safely",,,,,,
2021-02-09T14:03:09.418000Z,いたち二世,UCuKrJ6utiR0wPpqGBQFBKbg,綺麗な朝日だー！,,,,,,
2021-02-09T14:03:09.601000Z,みかんバター,UCkhLh7e2lak8x4Lx8FScqZQ,上手にできたねえ,,,,,,
2021-02-09T14:03:09.851000Z,こうそんふ,UCS6JlPUtmaGsg6uKftQwxkw,お疲れ様でしたー,,,,,,
2021-02-09T14:03:10.392000Z,にわ,UCvykirbwvND_gfTchCwzVHA,はーい,,,,,,
2021-02-09T14:03:10.701000Z,リック,UCEf8kaP0OxpK6g6PnFkYqiA,げんしつなのか,,,,,,
2021-02-09T14:03:10.820000Z,かずなり,UCBA7zOX62LVZu8GPqxWs_cg,朝日が昇ってきたのエンディング感ある,,,,,,
2021-02-09T14:03:11.786000Z,K R B【かるび】ん,UCy1IyyVKydLuvDNx4D6K-fA,良い建築であった,,,,,,
2021-02-09T14:03:12.452000Z,まりちん,UCNmpH2fGPKXBgzfn61kgvfA,玄室って言われると頭痛が・・・・ｳｯ,,,,,,
2021-02-09T14:03:13.417000Z,Yusuke M,UCNmjGZvvNJCQYfNIdlI5LHQ,はーい,,,,,,
2021-02-09T14:03:13.972000Z,Gabriel Martin,UCufGASF-AH4AiiFhumho38g,i got an ad about Goku slapping Botan ass,,,,,,
2021-02-09T14:03:13.705000Z,量亭あき,UCqFH-yaELT3c_f7tTEil6Hg,サクサク配信でしたねー,,,,,,
2021-02-09T14:03:14.435000Z,Extraho,UC3OWL1v6IbwaH8xacHfEnkw,"[RU]  Надпись закончила, солнце поднимается и уже 10 часов, так что майнкрафт пора заканчивать",,,,,,
2021-02-09T14:03:14.973000Z,さとなか,UC0Y2em9zjPIXijHwdgYlGbA,お疲れさま〜,,,,,,
2021-02-09T14:03:15.257000Z,セモリナ,UCpM4E6VaFRCATshR4WI7x9A,楽しかった,,,,,,
2021-02-09T14:03:15.437000Z,名姓,UCoEi3yR9stCu75STIgNlOeA,うーい,,,,,,
2021-02-09T14:03:15.656000Z,ケンモチアカツキ,UCijBOBGd1WlCtQFKqzDJaHg,お疲れさまでした！,,,,,,
2021-02-09T14:03:16.277000Z,ジャオ,UCFdhHnPwKs-30KXyjyu9iWA,いい朝日だ,,,,,,
2021-02-09T14:03:17.255000Z,Plz Fix This,UCgf0kLJ6ugG2ETx6zg0jDDw,Kneel before the God of Redstone and Shopping Carts,,,,,,
2021-02-09T14:03:17.301000Z,玉藻,UCGhqoZwlSPAnW0P7uLOlu1w,ミッションコンプリート:_ssrbししろん:,,,,,,
2021-02-09T14:03:17.413000Z,うみ うみ,UC5_INUbrhgFh-nOF4mvuAnA,おつかれ,,,,,,
2021-02-09T14:03:17.339000Z,TKGみやびんく,UCzlchJQyUKRqZzSneEHkdQw,おつかれ前回は緊急クエストでお預けだったからなあ,,,,,,
2021-02-09T14:03:18.173000Z,Beast I,UCJk2QXxZoXpuVL5LV2T8gRQ,お疲れ様でした,,,,,,
2021-02-09T14:03:18.183000Z,エンジェラ【SSRB変更不可】,UCtxxdpN9c9LGwYcNblrdIEg,オリー店？,,,,,,
2021-02-09T14:03:21.066000Z,緋色のスカーレット,UCsGKjsTkJwevUgNXLwja9wQ,お疲れ様ー,,,,,,
2021-02-09T14:03:21.260000Z,SpringTrap Killer,UCfBMEStsSzEYqEQWSLoL-Hw,XD,,,,,,
2021-02-09T14:03:21.173000Z,酒場おんらいん,UCwbOe1LxYD4Im2KgbO_HEIQ,雨も降ってたしな,,,,,,
2021-02-09T14:03:21.146000Z,ism,UCVNPZ4yrB_COXLvxTf6DYCg,よかったね～,,,,,,
2021-02-09T14:03:22.432000Z,スズタイ,UCU2lWjc9FErLXGZW9uGfb1w,お疲れ様です！！今後依頼来そうですね,,,,,,
2021-02-09T14:03:24.651000Z,チョコミント,UCQJcVk-ZZ1GLaTGITMsP4tg,お疲れ様でした～,,,,,,
2021-02-09T14:03:26.348000Z,M Y,UCkpD-6jXeJ8Bq9BoeWYcffQ,二窓おもろいな,,,,,,
2021-02-09T14:03:26.698000Z,Yusuke M,UCNmjGZvvNJCQYfNIdlI5LHQ,上手くできてる、,,,,,,
2021-02-09T14:03:27.263000Z,housann,UCeIss79kgVCVuV17m6jPzAw,日照センサーで夜だけ光らせるとか,,,,,,
2021-02-09T14:03:27.481000Z,世捨てネコ,UCDKLmLxRNFR7plBaEvdrCNw,お疲れ〜,,,,,,
2021-02-09T14:03:28.422000Z,DI,UCiZJ6JqnOMA3QIldm2peUcg,Механизм готов,,,,,,
2021-02-09T14:03:29.177000Z,kurobear,UCRGu8LiQgoN3rSaSGAFWHlg,お疲れ様,,,,,,
2021-02-09T14:03:32.443000Z,Hiroyuki version2.0,UCJrtvnId9mMT2mxT3pbX10g,新しい名所がまた,,,,,,
2021-02-09T14:03:33.682000Z,ゲーミング梟,UCewaSeLDgl6lcyrWogg5XdA,張りぼて看板やからなぁ今は,,,,,,
2021-02-09T14:03:33.653000Z,kkr990,UCp_rbxb7QNDJF3vkMud1ggg,裏側ね,,,,,,
2021-02-09T14:03:34.435000Z,Brownie Sun,UCEKnd5on5oyMzX1hy-CRyEA,草,,,,,,
2021-02-09T14:03:34.247000Z,えるしすていん,UCvLIVsBtfn5exAFHrUlb62A,ラーメン以外の４文字？,,,,,,
2021-02-09T14:03:34.628000Z,とうとけい,UC08uZNjedNpW62feoS2o5eg,オリーちゃんの家の前,,,,,,
2021-02-09T14:03:36.847000Z,mine,UCcH9CKNVq2hg_Z-_rSlp71A,初級編完了やね,,,,,,
2021-02-09T14:03:37.120000Z,Extraho,UC3OWL1v6IbwaH8xacHfEnkw,[RU] Хочется и с другой стороны сделать,,,,,,
2021-02-09T14:03:36.958000Z,kazuha【SSRB】,UCP1Hq-3HhrE3v2fBJ1wz7bg,お疲れ様です～,,,,,,
2021-02-09T14:03:37.644000Z,センとポール,UCPbVRAcEPZI2IpkaIqi1pRg,ナイス着地,,,,,,
2021-02-09T14:03:38.683000Z,綿無ユア,UCbIYkDLucfncR9scEvhuj4A,なんか、ねねさんが陰謀を企てた様ですが、看板完成出来て良かったです,,,,,,
2021-02-09T14:03:38.793000Z,CANAAN 7270,UC-QkrKM9wbvbzOb4YqvU6KQ,お疲れ様です,,,,,,
2021-02-09T14:03:38.921000Z,取り残された敗残兵,UC92rWBFJlf9UgddaXjVTJGQ,同じもの？,,,,,,
2021-02-09T14:03:39.252000Z,Marvelous,UClpUZGnhy20y5Uc0L-p3pzA,Nice,,,,,,
2021-02-09T14:03:40.375000Z,鷆子/tenco,UC11M6CdEXpUWfCdG9q4uSvA,裏側の文字どうするか,,,,,,
2021-02-09T14:03:41.878000Z,ワリマル,UC7OMf4L_sdDOz2RYbBj5DQA,いい出来だぁ,,,,,,
2021-02-09T14:03:42.765000Z,없음알수,UCBIlruUznfb343DaIIhvehw,お疲れ様でした～,,,,,,
2021-02-09T14:03:42.905000Z,TimeSlice,UC2drExKkUyp6ft9celIREQg,Obligatory 草,,,,,,
2021-02-09T14:03:43.349000Z,LionHead紅燒獅子頭,UClpAotRYMgrenbV703sL_MA,hide redstone?,,,,,,
2021-02-09T14:03:44.035000Z,M K,UCyUjwl6Kaoj8P7Y2Jqn1vrg,ますます5期生ビルが雑居ビル感マシマシに,,,,,,
2021-02-09T14:03:44.028000Z,jumbo 0709,UCAmOq1Rc9d4wzyUgwkvpFcA,ホロ鯖の初期リスの前は？,,,,,,
2021-02-09T14:04:15.694000Z,世捨てネコ,UCDKLmLxRNFR7plBaEvdrCNw,他の店の上にも作りたいねぇ,,,,,,
2021-02-09T14:04:16.022000Z,農民狼,UCiNTNS6u64aei1xNHiiXqlw,ラー　ン,,,,,,
2021-02-09T14:04:16.052000Z,ウィス,UCDKLzZjpfZmIijSkCWZ0SfA,落雷対策だけしておこう,,,,,,
2021-02-09T14:04:16.312000Z,UJIF009,UCU_jgWYTmAkQ3solzqBmX6g,ИЗИ,,,,,,
2021-02-09T14:04:16.365000Z,seiya w,UC2JZ_J4W9fMfiJQ5xtLbseg,いいねw,,,,,,
2021-02-09T14:04:16.428000Z,サボタージュ,UCAL3kLexCXwxUCEgYzndsjQ,看板回転したら面白いね,,,,,,
2021-02-09T14:04:17.716000Z,もののおのの,UC4FQf8P28U84Kf_KctPH6JA,手際よかった,,,,,,
2021-02-09T14:04:17.804000Z,厨二は病気じゃない個性だ!!,UC_sV2QRAb48laahuvl_VhkA,お疲れ様ー,,,,,,
2021-02-09T14:04:18.169000Z,q q,UCkCMcvOZr6Gf8XDXsF94iwg,おお、すごいｗ,,,,,,
2021-02-09T14:04:18.307000Z,青のスバル,UCkDnee6BN9h25_noOEUYymg,お疲れ様でした～,,,,,,
2021-02-09T14:04:18.617000Z,David Chandra Theng,UCrcrWN4aH6HDcOat-p9Ikrg,:yougotthis:,,,,,,
2021-02-09T14:04:19.459000Z,いたち二世,UCuKrJ6utiR0wPpqGBQFBKbg,ししろんおつかれさまー！,,,,,,
2021-02-09T14:04:20.598000Z,あさま,UCKLmzi5kmMKDHdsBAaHt91A,元祖ｗ,,,,,,
2021-02-09T14:04:20.721000Z,Lancynical,UCI_oeN07rYZlRrQ_iDNdU6g,cool sign!,,,,,,
2021-02-09T14:04:21.111000Z,LeCatte,UCkGTcHeZ6oRK2AGiCjoHVOQ,[EN] 💬 : Thank you guys,,,,,,
2021-02-09T14:04:21.082000Z,チョコミン党【SSRB変更不可】,UCzKni10kZK02TkZNgQHNUIA,次は「めんやぼたん」で看板作りたいね,,,,,,
2021-02-09T14:04:21.616000Z,ゲーミング梟,UCewaSeLDgl6lcyrWogg5XdA,本家でもいいんじゃね？ｗ,,,,,,
2021-02-09T14:04:21.878000Z,TOTOnpc,UCENas7ld4i4i34MhojlsqIw,お疲れ様です！,,,,,,
2021-02-09T14:04:22.893000Z,あんこ団子,UCvU3gFgGaTDzz-MQqZaWrqQ,W,,,,,,
2021-02-09T14:04:23.365000Z,kemeco K,UCBTNVvTDk_1qoFCt5nahRTA,おー　できてるｗ,,,,,,
2021-02-09T14:04:23.412000Z,括弧,UChQLyEuZP9Kf-gHd9Sa2sbQ,本家！元祖！,,,,,,
2021-02-09T14:04:24.113000Z,Sheep,UC5dGSJc-PfcymaOGfqBH2zw,Naisuuu 😆,,,,,,
2021-02-09T14:04:24.462000Z,Brownie Sun,UCEKnd5on5oyMzX1hy-CRyEA,Thanks for streaming Botan!! 🙏,,,,,,
2021-02-09T14:04:24.866000Z,xbox4451,UCvMsLFQYaHgFbZ9MaSk9EoQ,卡哇伊,,,,,,
2021-02-09T14:04:24.977000Z,江島恭輔,UCfbbzmAnBFXrFWBIG8Vhavw,イイ感じ！,,,,,,
2021-02-09T14:04:25.557000Z,Skyline zx,UCnPZJWplwqfAitlCXVJIdzQ,rawr,,,,,,
2021-02-09T14:04:25.784000Z,量亭あき,UCqFH-yaELT3c_f7tTEil6Hg,大成功でしたねー,,,,,,
2021-02-09T14:04:26.534000Z,真田幸近,UCBz2aNkVl-4Ma-PxzpVDabQ,:_ssrbししろん::_ssrbGgwp::_ssrbIQ200:👏👏👏,,,,,,
2021-02-09T14:04:26.896000Z,【SSRB】 Łèø,UC_qPBwLl7sMIewfOAf1AZUg,:_ssrbししろん::_ssrbししろん::_ssrbししろん:,,,,,,
2021-02-09T14:04:26.839000Z,Texas 【SSRB】,UCnRGiG-6PYI3dJ8VZS9nr9w,:_ssrbやべべ::_ssrbやべべ::_ssrbやべべ:,,,,,,
2021-02-09T14:04:27.253000Z,JkZhan TW,UCmV-OkPorycUuu2H7tW126Q,お疲れ様でした！,,,,,,
2021-02-09T14:04:27.973000Z,おねえ,UCs4X3BCCp5R24nKdioWqfoQ,ラーメンの上に元祖か・・・いいね,,,,,,
2021-02-09T14:04:27.943000Z,えこのみぃ,UCyOABgHo_hPWGQXMSVvTb6w,さすしし,,,,,,
2021-02-09T14:04:28.794000Z,Extraho,UC3OWL1v6IbwaH8xacHfEnkw,"[RU] впервые с цепями имела дело, с вашей помощью получилось",,,,,,
2021-02-09T14:04:29.260000Z,Yenrei,UC6P2LngdkIXiN2p8_FpbRDQ,that looks amazing,,,,,,
2021-02-09T14:04:29.398000Z,いたち二世,UCuKrJ6utiR0wPpqGBQFBKbg,元祖ラーメン,,,,,,
2021-02-09T14:04:29.412000Z,[SSRB][雪民]れーちゃん【変更不可】,UCfrrR5DkYf2nD-wXRnvaEBw,上につける感じ?,,,,,,
2021-02-09T14:04:30.558000Z,とうとけい,UC08uZNjedNpW62feoS2o5eg,麺屋ぼたんのチャラチャラのパーハン,,,,,,
2021-02-09T14:04:30.744000Z,鴉神夜叉刄-akamiyasaha-,UCWspAryog96tUMcQ0rKAFWg,おお疲れ様でした～,,,,,,
2021-02-09T14:04:31.284000Z,双剣双銃のノワール,UCuWw8PdB7TDkCZhWYhQkfKA,お疲れ様やで,,,,,,
2021-02-09T14:04:31.347000Z,POYO,UCVj8oIBUOKsKEMja8Rva5HQ,電子看板街か･･･流行るな,,,,,,
2021-02-09T14:04:31.802000Z,HI AKE,UCCDZkHoSmJX6tJbFO1CcCMA,後ろは元祖で,,,,,,
2021-02-09T14:04:31.874000Z,SkyFreedom,UCZ4BVzU19vPsn8eIMnAMoTA,お疲れ様ー,,,,,,
2021-02-09T14:04:31.910000Z,Hakao [SSRB],UCCSnUFbSFlqpgHG93YJzIrg,:_ssrbししろん::_ssrbししろん::_ssrbししろん:,,,,,,
2021-02-09T14:04:32.941000Z,バレてない方のMorrison【SSRB】【変更不可】,UC2nhst3ZYPemkVnsWA9e8rQ,ラーメンの上に何か立てるつもりらしいし、ねねちに守ってもらおう,,,,,,
2021-02-09T14:04:33.237000Z,リンディア,UCRfuh0UuifWqkM0jC4m981w,ガラスとかを上につける,,,,,,
2021-02-09T14:04:33.514000Z,DI,UCiZJ6JqnOMA3QIldm2peUcg,Красиво,,,,,,
2021-02-09T14:04:33.484000Z,leno nowhere,UC_sjncdBo0IFK1qwjL5b8VA,コンクリでつくるとか,,,,,,
2021-02-09T14:04:33.355000Z,ちくわtikuwa,UCbH7oMV-vE93CinlzZCofOw,お疲れ様でした！,,,,,,
2021-02-09T14:04:33.869000Z,レイ レイ,UCNBsvV8ZoDbMS2dUxrsIsWA,お疲れ,,,,,,
2021-02-09T14:04:33.821000Z,松岡tgtg,UCDWONzVxwwTkv1ZcZLroLng,玻璃,,,,,,
2021-02-09T14:04:34.323000Z,あおまる,UCB8iBW3OUtcNX76Eq2ALFqg,裏側は「うまい」とか,,,,,,
2021-02-09T14:04:34.409000Z,えこのみぃ,UCyOABgHo_hPWGQXMSVvTb6w,お疲れ様した,,,,,,
2021-02-09T14:04:34.700000Z,E s,UCU5zytNdQydvuWsRxRpYZng,入力は共通で、遅延さえ弄るだけにしたら簡単ね,,,,,,
2021-02-09T14:04:35.067000Z,パンドラアキラ,UClGyoLkfycFp4TjIplbiF-Q,nice,,,,,,
2021-02-09T14:04:35.010000Z,67ti,UCjZadPQMFRKYI9vCcrC7IDQ,ねねとんでもない事言ってるが,,,,,,
2021-02-09T14:04:35.433000Z,ism,UCVNPZ4yrB_COXLvxTf6DYCg,いいかんじ,,,,,,
2021-02-09T14:04:35.317000Z,Beast I,UCJk2QXxZoXpuVL5LV2T8gRQ,戻ってきたら終わってたよ......,,,,,,
2021-02-09T14:04:35.344000Z,くまにー,UCAv13NH56Sdy9nmhbsMrspA,落雷対策はガラス,,,,,,
2021-02-09T14:04:36.252000Z,あんこ団子,UCvU3gFgGaTDzz-MQqZaWrqQ,NICE,,,,,,
2021-02-09T14:04:36.111000Z,JJ123609,UCwfN_xRM_Q24Wl2tbdw3AkQ,that's cool,,,,,,
2021-02-09T14:04:36.179000Z,Haya,UCeKXuXHdXko9HWtjM6qi8KA,回路は無事だからまあ大丈夫だろ,,,,,,
2021-02-09T14:04:36.408000Z,ぬーんぬん,UCUc_ZcQ4JepLiRmqav0VYGQ,いいねえ,,,,,,
2021-02-09T14:04:36.827000Z,Zirco【服役中】,UCcbMDLmqfW0XYt5j_7Irwsg,いけてんで,,,,,,
2021-02-09T14:04:36.812000Z,リック,UCEf8kaP0OxpK6g6PnFkYqiA,きらきらしてる,,,,,,
2021-02-09T14:04:37.066000Z,ちはや,UC1uyL2Oosz_PuKgyu5WKPEQ,プール伸ばしておけば平気,,,,,,
2021-02-09T14:04:37.184000Z,RYO海豹,UCDm936LaLC2bLUBBkunVVGA,不透過ブロックでいけたような,,,,,,
2021-02-09T14:04:37.288000Z,おねえ,UCs4X3BCCp5R24nKdioWqfoQ,壊れたら、また作れるじゃないか,,,,,,
2021-02-09T14:04:37.508000Z,ナイスなリスナー,UChwMCdV-okLsFD5GpS8hTDw,スクショとっておけばよい,,,,,,
2021-02-09T14:04:37.691000Z,こうそんふ,UCS6JlPUtmaGsg6uKftQwxkw,ツケ村にはツケメンで看板作りたいねぇ,,,,,,
2021-02-09T14:04:37.957000Z,シロガネ,UCiUdytlU6muoJptxD69iZrQ,まぁ壊れたら壊れただが,,,,,,
2021-02-09T14:04:38.303000Z,まりちん,UCNmpH2fGPKXBgzfn61kgvfA,ガラスの屋根で,,,,,,
2021-02-09T14:04:38.975000Z,ASTRIA凪,UCZzmVTV3VE3VU4CjQiQCr3w,ネネちが対抗心燃やしてるよ,,,,,,
2021-02-09T14:04:38.704000Z,Gunta,UCsIrO20HchujKMHgxLpG-Zg,VERY NICE,,,,,,
2021-02-09T14:04:39.196000Z,コニタン,UCcMgnQHEn35zy_QjeZzfPvQ,上になんか屋根あればそれでいいのでは,,,,,,
2021-02-09T14:04:39.419000Z,いっP,UCK0ORfCwOLoxwGrOSjCCmvA,元祖w,,,,,,
2021-02-09T14:04:39.453000Z,サプール,UC4eLIAeIQjjgyltL_ucR6Tw,上にねねのって文字看板作るって言ってるで,,,,,,
2021-02-09T14:04:39.517000Z,センとポール,UCPbVRAcEPZI2IpkaIqi1pRg,一回作ったから直すのも簡単じゃない？,,,,,,
2021-02-09T14:04:39.758000Z,寝子,UCPYxNM5yIOk_6W58M0bCGPQ,上にガラスかな,,,,,,
2021-02-09T14:04:40.502000Z,HI AKE,UCCDZkHoSmJX6tJbFO1CcCMA,後ろは元祖で,,,,,,
2021-02-09T14:04:40.590000Z,Minzhi Wang,UCQ5E1YpyNkh7k45anIakAWA,galasu,,,,,,
2021-02-09T14:04:40.596000Z,TOTOnpc,UCENas7ld4i4i34MhojlsqIw,いいね！,,,,,,
2021-02-09T14:04:41.035000Z,はるさめ,UCEEFeTl4HQo4PqdZaoS2QSw,すげえ　できてる,,,,,,
2021-02-09T14:04:41.768000Z,コーリン,UCRJcQ7iCXdvq8MBWwk6x66w,落雷対策ならうえにガラスとか？？,,,,,,
2021-02-09T14:04:41.731000Z,鷆子/tenco,UC11M6CdEXpUWfCdG9q4uSvA,ガラス置くとか？,,,,,,
2021-02-09T14:04:41.628000Z,ねむねこ,UCW4rM6F3vj0Jiunf_97vKvA,いい感じ,,,,,,
2021-02-09T14:04:41.958000Z,ZASH CAT,UCkmeSLFk2NmfnegRCIgyj8Q,上にガラスかな,,,,,,
2021-02-09T14:04:42.240000Z,Evandl,UCeY0JDaarYaIt70N6BrsYdQ,燃えない素材で天井だけど,,,,,,
2021-02-09T14:04:42.406000Z,こっぺ,UCaAALhdzINvRe5A4QGk0raQ,ラーメソ,,,,,,
2021-02-09T14:04:42.581000Z,kramer hsu,UCPVCAuPhpoXvTw0ma8S8-mg,1.17なら避雷針,,,,,,
2021-02-09T14:04:42.392000Z,茶宇,UCWdc7M6eXuyLSNwczMEn8TA,ガラス,,,,,,
2021-02-09T14:04:42.551000Z,ジャオ,UCFdhHnPwKs-30KXyjyu9iWA,大成功でしたね,,,,,,
2021-02-09T14:04:42.559000Z,エンジェラ【SSRB変更不可】,UCtxxdpN9c9LGwYcNblrdIEg,元祖いいね〜,,,,,,
2021-02-09T14:04:43.110000Z,青のスバル,UCkDnee6BN9h25_noOEUYymg,上にATフィールド貼る？,,,,,,
2021-02-09T14:04:42.866000Z,田學瑋,UCH_TW6fsnwxpJwNMAFxPSlw,お疲れ様,,,,,,
2021-02-09T14:04:43.188000Z,amelia3dp,UCcYTWKrpTQj-RgSgSgxhgUA,that sign so wonderful when it's night,,,,,,
2021-02-09T14:04:43.257000Z,みーちゃホロ箱推し,UCqOxLzCI-NXspH19EmTwR9w,ハーフブロック上に置いてたら？,,,,,,
2021-02-09T14:04:43.358000Z,雁ノ巣跡地,UCCgrMN5fB1ynhTVJyMtsuNw,ほんけかな？,,,,,,
2021-02-09T14:04:43.110000Z,Yusuke M,UCNmjGZvvNJCQYfNIdlI5LHQ,下準備完璧だったし、ししろんもすごい,,,,,,
2021-02-09T14:04:43.557000Z,アスカじゅり,UCQDArm4ATCmoEIHK3DKQ_cg,プール延長ですかね,,,,,,
2021-02-09T14:04:44.149000Z,Mobius,UCT8AnGwhfNtZ0t88gShSqIw,プール広げたら？,,,,,,
2021-02-09T14:04:44.540000Z,righeim【リグヘイム】,UCmmcaeBJZa39AeD-zQ0PULA,元祖ラーメンは強いな,,,,,,
2021-02-09T14:04:44.398000Z,またたび,UCokLXUdXbJUnzvTYHLjMVIQ,とりあえず何かブロックで隠す,,,,,,
2021-02-09T14:04:44.481000Z,はーもにぃ,UCiLEprARzeERXBBlnkEDHYw,3ブロックくらい上にガラス,,,,,,
2021-02-09T14:04:44.591000Z,Sushi Pandan,UCMXqIJdzyLjDlx6bVoJFluw,Nice,,,,,,
2021-02-09T14:04:44.869000Z,Naki,UCzHIbPh-FDPdlE3DrhTS-lA,Thank you for the stream Botan!,,,,,,
